Sij,Rij
0.00207882725243,8.60365547010499
0.00392515296425,6.49759045493209
0.00021947148868,8.35928068877232
0.00021946544625,8.35928044214384
0.00021946506876,8.35928074620352
0.00392517322061,6.49759053028076
0.00021946770659,8.35928071054160
0.00207882747129,8.60365551478976
0.00021946355388,8.35927999166532
0.00392512452583,6.49758985296811
0.00207883199897,8.60365507962113
0.00021946755453,8.35928002752112
0.00361394034541,7.28235661526206
0.06138112909829,5.30269176482099
0.00361389123954,7.28235665590021
0.00361391823747,7.28235659966851
