Sij,Rij
0.00099997690600,8.15656799340944
0.00060665250121,8.36344227662657
0.00218818068980,7.35172127728350
0.00454979521099,7.37452207188852
0.00928185601581,6.29697055246014
0.00928185868599,6.29697118783777
0.02987241633323,5.41878467671560
0.03388190522196,5.35455863717539
0.00020708219460,8.23012580176368
0.00020708245672,8.23012643930335
0.00525971569844,7.46807627656295
0.00133596420128,7.22376384021615
0.00060664595212,8.36344167666812
0.00099998089467,8.15656883582737
0.00218820139148,7.35172140147602
0.00454981975781,7.37452222563736
