Sij,Rij
0.00005235141914,6.54892137731054
0.00005233156121,6.54892138322784
0.00893343319075,6.45109075103389
0.00627984444298,5.32739857931552
0.00712255043604,5.25028719870042
0.00712264797291,5.25028701582505
0.00674188186426,4.98267239759560
0.12881899035091,3.96893105843130
0.00094603922160,6.31825476029969
0.00980135265553,6.46122563135920
0.00012433579296,6.01269644241447
0.00934279921161,5.11541321643484
0.00980134417494,6.46122658985831
0.00094603536491,6.31825636273262
0.00012433861525,6.01269725893955
0.00934305619821,5.11541432971502
