Sij,Rij
0.00869485392333,6.61404186022654
0.00086003856355,8.07589639925459
0.00065174571778,7.02433969385328
0.01427231911735,7.56546439181466
0.00046475603470,7.72167792265432
0.01492656142205,6.45626102555179
0.00086003856041,8.07589639925459
0.00869490226914,6.61404042602654
0.00046479498476,7.72167671808994
0.01427236876684,7.56546353995764
0.00065175455449,7.02433954261190
0.01492664882592,6.45626036563676
0.00065174571810,7.02433969385328
0.00046479498726,7.72167671808994
0.00869488486689,6.61404094202654
0.01427235412447,7.56546382930777
0.00086003011708,8.07589678115859
0.01492661852995,6.45626068838850
0.01427231911729,7.56546439181466
0.01427236876668,7.56546353995764
0.01427235412456,7.56546382930777
0.02512528148575,7.78979229342654
0.01427233791902,7.56546444123568
0.04499193929164,6.61404032292657
0.00046475603405,7.72167792265432
0.00065175455284,7.02433954261190
0.00086003011704,8.07589678115859
0.01427233792154,7.56546444123568
0.00869485485720,6.61404186842654
0.01492657454934,6.45626105204186
0.01492656142240,6.45626102555179
0.01492664882603,6.45626036563676
0.01492661853095,6.45626068838850
0.04499193929239,6.61404032292657
0.01492657454909,6.45626105204186
0.07255741582386,5.43828835242654
