Sij,Rij
0.00636483785051,5.97095073973667
0.04194461169022,5.44614801856990
0.00489974318689,7.62467694193930
0.00127473770335,6.51147793448888
0.00636477922460,5.97095056100262
0.03488814669542,5.41266642224472
0.01212531284126,5.63469048943236
0.00358549803792,5.99177358395632
0.00348199862976,7.67781453202985
0.00934835048574,5.65573115401493
0.00987222363327,5.44108936119789
0.04287246279217,4.62293037456796
0.00987230884657,5.44108882457495
0.00358548197680,5.99177338459871
0.00348198805463,7.67781431548613
0.00934838474866,5.65573137321398
0.01212532554102,5.63469006574298
0.04287241631418,4.62293051392553
0.00213104291165,5.89507551432462
0.02323400523806,4.93190447744269
0.00612355355269,7.24145790073673
0.00389230927599,6.66544678701921
0.00348828742917,5.97840761976006
0.00052636707024,5.61224288030699
0.00742194618582,5.10666254579924
0.05122558959431,4.56737352419236
0.00850852441157,6.72711743812098
0.01198530860917,5.70162918483929
0.00742191328622,5.10666229454650
0.04832139858060,4.61356761023883
0.00348826332281,5.97840815655264
0.02323399904349,4.93190455554810
0.00612354819207,7.24145802059107
0.00389231227809,6.66544674175866
0.00213099731330,5.89507542920252
0.00052638868458,5.61224285368859
