Sij,Rij
0.00114016444894,9.07338557089957
0.00526536615933,7.13213613066479
0.00009849587414,8.77209038824069
0.00133905977192,9.24507151515461
0.00099616566363,8.64980624219188
0.00782207228514,6.78445003618959
0.00245924785378,8.95521086583043
0.00014229831074,8.23827776098827
0.00009849210358,8.77209068285394
0.00526533727061,7.13213649934687
0.00114016563809,9.07338580538163
0.00133906078977,9.24507183163685
0.00287148105128,7.97456214899766
0.04180180921437,5.97897434343611
0.00287150938899,7.97456216111468
0.00176682788382,7.87870585548316
0.00245924612981,8.95521058541186
0.00782212723125,6.78444954218824
0.00099617619291,8.64980577176858
0.00014229807023,8.23827720986390
0.00075697899547,9.13931493980373
0.03060849055531,7.14969352125589
0.00075700105013,9.13931483041202
0.00072536859861,9.01339454086682
