Sij,Rij
0.01918204346599,5.77778099284317
0.03281920198530,5.45327306769792
0.01186967680949,6.33238032142473
0.05020706763218,5.07837265937979
0.01889789074242,5.34664555475995
0.05020711229765,5.07837254102273
0.01186968894303,6.33238051404300
0.03281921266289,5.45327319426243
0.01918197387590,5.77778145515359
0.01547721313109,7.20224009155296
0.02507723213071,7.10324434767980
0.01547721942065,7.20224018135999
