Sij,Rij
0.00042111763277,6.49758259838775
0.01004198156404,7.91113097455885
0.01542395025404,6.08721736470520
0.01542395117679,6.08721740487836
0.01004197051618,7.91113084159017
0.00682219034444,9.65900889094745
0.01004197148918,7.91113088342477
0.01004198271094,7.91113101960080
0.01542395808679,6.08721732594461
0.01004196746019,7.91113095683429
0.00042112132368,6.49758283734332
0.01542394623494,6.08721747133105
0.01542395416559,6.08721718764207
0.01004197803312,7.91113074812023
0.01542396244720,6.08721715634127
0.00042111798245,6.49758244017043
