Sij,Rij
0.00012610797169,7.30816475250538
0.00728411523504,6.93991500967764
0.00728411817254,6.93991496914770
0.00513865089558,8.78314506859542
0.00728413140589,6.93991400254830
0.00728412328729,6.93991446761894
0.00012610924847,7.30816463102034
0.00513865949697,8.78314447830377
0.00728412325345,6.93991447072583
0.00012609826522,7.30816506935486
0.00728411646603,6.93991492000744
0.00513864580928,8.78314489989100
0.00513865595620,8.78314443650573
0.00513865133755,8.78314493476454
0.00513865101488,8.78314495259189
0.00391022006219,10.55327932035966
