Sij,Rij
0.00037157645511,6.43644501942016
0.01677720808133,6.01506191078765
0.01677721374133,6.01506205268598
0.01080003908574,7.85034341586000
0.01677724721381,6.01506106253148
0.00037160369882,6.43644464425102
0.01677722298549,6.01506155551671
0.01080006053200,7.85034279897157
0.01677721930951,6.01506149902123
0.01677723720149,6.01506149942354
0.00037158127717,6.43644538754905
0.01080003428982,7.85034304506854
0.01080005422007,7.85034272093555
0.01080005772825,7.85034295666742
0.01080003828080,7.85034315396923
0.00722986055489,9.60841597659874
