Sij,Rij
0.00173848288642,8.61560032880307
0.00004367710203,8.91489857608893
0.00173848357465,8.61560019798349
0.00135073339235,10.46764132012442
0.00004367285619,8.91489891739504
0.00173848578754,8.61559949622323
0.00173848217641,8.61560006319984
0.00135073340983,10.46764107450277
0.00173848063594,8.61560066857285
0.00173848345611,8.61560003831327
0.00004367121520,8.91489927986107
0.00135073125038,10.46764159876681
0.00135073089319,10.46764183017434
0.00135073370064,10.46764117662981
0.00135073059695,10.46764164435124
0.00115938733390,12.25403302820934
