Sij,Rij
0.01201475657598,6.38429939722722
0.00024600831842,6.78278212979103
0.01201476124688,6.38429939655475
0.00805642411034,8.22313309482872
0.00024598643014,6.78278263718115
0.01201476236528,6.38429942816075
0.01201474617043,6.38429978475553
0.00805640912192,8.22313336075006
0.01201475132397,6.38429961620136
0.01201475803813,6.38429939564008
0.00024598672835,6.78278255781967
0.00805641646168,8.22313330190102
0.00805640947538,8.22313350597999
0.00805641814968,8.22313329950873
0.00805640584615,8.22313353914662
0.00572194986832,9.98636167734310
