Sij,Rij
0.00019734976136,6.95718545333576
0.01016528527782,6.56928995745485
0.01016527534316,6.56929031675513
0.00694163289176,8.40970095882609
0.01016529144738,6.56928975563452
0.01016528555826,6.56928976644706
0.00019735092252,6.95718556701075
0.00694162748769,8.40970062058413
0.01016527975558,6.56929011977204
0.00019734923962,6.95718537209661
0.01016528060679,6.56929030245823
0.00694163064541,8.40970099473828
0.00694162443323,8.40970092477624
0.00694162973534,8.40970088647368
0.00694162518097,8.40970125618762
0.00505679376067,10.17533401131529
