Sij,Rij
0.03240606543043,5.28028266940018
0.03240601735078,5.28028302133310
0.00069786293324,5.75571419860422
0.01883891315232,7.10639675017399
0.00069791611376,5.75571388998734
0.03240606095189,5.28028270479440
0.03240604849880,5.28028277607494
0.01883891538979,7.10639654274702
0.03240603974491,5.28028281869514
0.00069784937140,5.75571414463000
0.03240603079210,5.28028301807691
0.01883890589565,7.10639680495428
0.01883893240922,7.10639657101776
0.01883890740787,7.10639674804356
0.01883889689997,7.10639674588821
0.01071042506387,8.85252596440998
