Sij,Rij
0.00444868539524,7.49722229303799
0.00006959470879,7.83933655292873
0.00444868499513,7.49722234525194
0.00326710023465,9.34398932020364
0.00444868513711,7.49722214581915
0.00444868884786,7.49722193285982
0.00006959076299,7.83933656685626
0.00326710136586,9.34398912611507
0.00006958943379,7.83933676471111
0.00444868720205,7.49722217214411
0.00444868342121,7.49722242917721
0.00326709698172,9.34398934162731
0.00326709968658,9.34398930793021
0.00326710032836,9.34398909179773
0.00326709874384,9.34398937272589
0.00261613287281,11.12019713467622
