Sij,Rij
0.00178950822437,9.20200374935219
0.00022381064400,8.27929081996820
0.00022381311009,8.27929060404420
0.00323748467866,6.91155629671680
0.00133465728555,8.90506218625379
0.00144830482344,7.94795062072693
0.00133465805923,8.90506211586568
0.00320465712040,6.91155635934021
0.00022380988594,8.27929058597169
0.00178951190203,9.20200392899466
0.00022381287914,8.27929041738082
0.00323749422027,6.91155665988515
0.00240088989734,7.91936479882936
0.00355639973539,8.24626365973661
0.00079183298439,7.57837817838940
0.01241751764884,6.04669828250365
0.00144830706897,7.94795007568409
0.00133465913500,8.90506241288023
0.00133465553044,8.90506184437256
0.00320465301758,6.91155658255845
0.00079182618416,7.57837829948014
0.00240090590722,7.91936528849172
0.00355639660206,8.24626339943121
0.01241752201310,6.04669848514635
0.00022381171893,8.27929053891645
0.00022380846079,8.27929100530871
0.00178950994588,9.20200346210691
0.00323749028771,6.91155651853803
0.00355639098557,8.24626340695190
0.00240090708623,7.91936500516878
0.00079183263809,7.57837823121493
0.01241752994205,6.04669811069828
0.00133465624544,8.90506224939903
0.00133465806018,8.90506237630131
0.00144830522347,7.94795026731548
0.00320466088629,6.91155651295424
0.00079182462248,7.57837831695806
0.00355640516534,8.24626397748447
0.00240089429386,7.91936477326429
0.01241751646115,6.04669858650602
0.01667337273609,8.08470833500642
0.00540413964330,7.60501524926152
0.00289550139965,7.66103459233137
0.04357826734469,5.87165142659930
0.00355638900046,8.24626359610770
0.00079184044225,7.57837866056265
0.00240089712218,7.91936483405173
0.01241752195445,6.04669824513724
0.00240089158913,7.91936473616698
0.00079184487066,7.57837863378780
0.00355640062602,8.24626315717625
0.01241753615101,6.04669810451465
0.00540419600981,7.60501463372280
0.00289547963399,7.66103495242425
0.01667341132036,8.08470761620504
0.04357818885101,5.87165116240312
0.00289554737589,7.66103429846459
0.01667342192481,8.08470810453134
0.00540416878907,7.60501474373069
0.04357818323167,5.87165120388020
