Sij,Rij
0.00235820881518,8.24233836814228
0.00235820891416,8.24233800919295
0.00004627664046,8.55470624936321
0.00180344586876,10.09283748644677
0.00235820697415,8.24233839855516
0.00004628086498,8.55470591447934
0.00235820988393,8.24233830252105
0.00180344712210,10.09283750401988
0.00004627448066,8.55470684491471
0.00235820971063,8.24233833887687
0.00235820372143,8.24233892630745
0.00180344157258,10.09283791024920
0.00180344477358,10.09283742478724
0.00180344846691,10.09283702938036
0.00180344684145,10.09283750137605
0.00151720053423,11.87608721096498
