Sij,Rij
0.00860263044490,6.75450094409583
0.00860263545243,6.75450056576155
0.00015766355217,7.13233067600161
0.00597461145776,8.59637357716097
0.00860263363849,6.75450071762667
0.00015768813345,7.13232994461399
0.00860263915013,6.75450070310658
0.00597461942261,8.59637334125917
0.00015766404672,7.13233091147064
0.00860264147902,6.75450064337397
0.00860262014944,6.75450128852573
0.00597460159266,8.59637372308126
0.00597459716649,8.59637410728354
0.00597461260587,8.59637373213876
0.00597459491124,8.59637418054673
0.00445318646245,10.36430697608749
