Sij,Rij
0.00061540629443,5.92418811122719
0.02753876350244,5.46343709480316
0.02753872510560,5.46343762527343
0.01646914185174,7.29215317425464
0.02753875886878,5.46343727482375
0.00061543666261,5.92418797578273
0.02753872475236,5.46343762751588
0.01646916224183,7.29215323462650
0.02753872066853,5.46343758471105
0.02753875103851,5.46343727649111
0.00061535974839,5.92418848336850
0.01646912441878,7.29215332570035
0.01646917406557,7.29215288506815
0.01646916861694,7.29215259455798
0.01646915333553,7.29215313493457
0.00982157224590,9.04149877398216
