Sij,Rij
0.00055578660397,10.11212788042042
0.00003682813896,10.36831608484895
0.00055578742317,10.11212757592465
0.00045197615946,11.96883223966572
0.00003682618687,10.36831669466542
0.00055578728400,10.11212751743035
0.00055578618036,10.11212790208252
0.00045197542566,11.96883241413779
0.00055578640571,10.11212811629844
0.00055578698969,10.11212760606995
0.00003682676973,10.36831651834185
0.00045197554519,11.96883247339106
0.00045197538980,11.96883259253138
0.00045197614394,11.96883206061908
0.00045197577944,11.96883235103853
0.00041929749888,13.76581355738683
