Sij,Rij
0.00004146434860,9.63936383790368
0.00096931965526,9.36325117382310
0.00096931885463,9.36325149932536
0.00077252005834,11.21788121356325
0.00096931987609,9.36325114882139
0.00004146572629,9.63936329581134
0.00096931989065,9.36325121217377
0.00077252115155,11.21788097136842
0.00096931841771,9.36325160668320
0.00096931873078,9.36325138673461
0.00004146342178,9.63936401102607
0.00077251983678,11.21788141184727
0.00077251904022,11.21788166348294
0.00077252020017,11.21788148262217
0.00077251870738,11.21788169562365
0.00068849218471,13.00992341489809
