{
    "A24-1": {
        "SAPT Coulomb": -0.017522170624,
        "Undamped Coulomb": -0.0157159598999999
    },
    "A24-2": {
        "SAPT Coulomb": -0.012535733644,
        "Undamped Coulomb": -0.0110782901
    },
    "A24-5": {
        "SAPT Coulomb": -0.00755216518,
        "Undamped Coulomb": -0.0059652015
    },
    "A24-7": {
        "SAPT Coulomb": -0.001512026656,
        "Undamped Coulomb": -0.0010172153999999
    },
    "A24-8": {
        "SAPT Coulomb": -0.001109796968,
        "Undamped Coulomb": -0.0006909986
    },
    "A24-9": {
        "SAPT Coulomb": -0.010416378406,
        "Undamped Coulomb": -0.0084496964999999
    },
    "A24-10": {
        "SAPT Coulomb": -0.00550117624,
        "Undamped Coulomb": -0.0052268988
    },
    "A24-13": {
        "SAPT Coulomb": -0.00267011031,
        "Undamped Coulomb": -0.0022241487
    },
    "A24-14": {
        "SAPT Coulomb": -0.001363023186,
        "Undamped Coulomb": -0.0002453351
    },
    "A24-15": {
        "SAPT Coulomb": -0.0006702765719999,
        "Undamped Coulomb": -0.0004330499
    },
    "A24-16": {
        "SAPT Coulomb": -0.002408597268,
        "Undamped Coulomb": -0.0008278366
    },
    "A24-17": {
        "SAPT Coulomb": -0.00057529682,
        "Undamped Coulomb": -7.504990000000003e-05
    },
    "A24-18": {
        "SAPT Coulomb": -0.00037529751,
        "Undamped Coulomb": -9.144240000000004e-05
    },
    "A24-19": {
        "SAPT Coulomb": -0.000326054652,
        "Undamped Coulomb": -7.07747e-05
    },
    "A24-23": {
        "SAPT Coulomb": -0.000888124426,
        "Undamped Coulomb": 0.0020646712
    },
    "S22-1": {
        "SAPT Coulomb": -0.007791845628,
        "Undamped Coulomb": -0.0060988366
    },
    "S22-2": {
        "SAPT Coulomb": -0.012910234344,
        "Undamped Coulomb": -0.0113321974999999
    },
    "S22-3": {
        "SAPT Coulomb": -0.051345798952,
        "Undamped Coulomb": -0.0434768918
    },
    "S22-4": {
        "SAPT Coulomb": -0.0404124502179999,
        "Undamped Coulomb": -0.033503556
    },
    "S22-5": {
        "SAPT Coulomb": -0.047472664904,
        "Undamped Coulomb": -0.0412098096
    },
    "S22-6": {
        "SAPT Coulomb": -0.042882879942,
        "Undamped Coulomb": -0.0347306821999999
    },
    "S22-8": {
        "SAPT Coulomb": -0.0002403178959999,
        "Undamped Coulomb": -7.687459999999998e-05
    },
    "S22-9": {
        "SAPT Coulomb": -0.001799834428,
        "Undamped Coulomb": -0.0009634983
    },
    "S22-10": {
        "SAPT Coulomb": -0.001534177974,
        "Undamped Coulomb": -0.0002023254999999
    },
    "S22-11": {
        "SAPT Coulomb": -0.00404859161,
        "Undamped Coulomb": 0.0036327647999999
    },
    "S22-12": {
        "SAPT Coulomb": -0.006798064196,
        "Undamped Coulomb": -0.0008675010999999
    },
    "S22-16": {
        "SAPT Coulomb": -0.002824054002,
        "Undamped Coulomb": -0.0030124924
    },
    "S22-17": {
        "SAPT Coulomb": -0.0043263595759999,
        "Undamped Coulomb": -0.0046910783
    },
    "S22-18": {
        "SAPT Coulomb": -0.002775129868,
        "Undamped Coulomb": -0.0024277556
    },
    "S22-19": {
        "SAPT Coulomb": -0.006119819524,
        "Undamped Coulomb": -0.0045763662999999
    },
    "S22-20": {
        "SAPT Coulomb": -0.00318803681,
        "Undamped Coulomb": -0.0014857727
    },
    "S22-21": {
        "SAPT Coulomb": -0.00676810414,
        "Undamped Coulomb": -0.0078319615
    },
    "S22-22": {
        "SAPT Coulomb": -0.013653817436,
        "Undamped Coulomb": -0.0101464463
    },
    "S22by7-1-0.7": {
        "SAPT Coulomb": -0.043746143896,
        "Undamped Coulomb": -0.0192893042
    },
    "S22by7-1-0.8": {
        "SAPT Coulomb": -0.02357203023,
        "Undamped Coulomb": -0.0126697642
    },
    "S22by7-1-0.9": {
        "SAPT Coulomb": -0.0134818658379999,
        "Undamped Coulomb": -0.0086503405
    },
    "S22by7-1-1.0": {
        "SAPT Coulomb": -0.008285549104,
        "Undamped Coulomb": -0.0060988366
    },
    "S22by7-1-1.2": {
        "SAPT Coulomb": -0.003820066502,
        "Undamped Coulomb": -0.0032740024999999
    },
    "S22by7-1-1.5": {
        "SAPT Coulomb": -0.0016463688219999,
        "Undamped Coulomb": -0.0014867686
    },
    "S22by7-1-2.0": {
        "SAPT Coulomb": -0.0005737032,
        "Undamped Coulomb": -0.0005160747
    },
    "S22by7-2-0.7": {
        "SAPT Coulomb": -0.0475765689279999,
        "Undamped Coulomb": -0.0312374192
    },
    "S22by7-2-0.8": {
        "SAPT Coulomb": -0.030419177922,
        "Undamped Coulomb": -0.0213708258999999
    },
    "S22by7-2-0.9": {
        "SAPT Coulomb": -0.020187340712,
        "Undamped Coulomb": -0.0152933138
    },
    "S22by7-2-1.0": {
        "SAPT Coulomb": -0.014075170564,
        "Undamped Coulomb": -0.0113321974999999
    },
    "S22by7-2-1.2": {
        "SAPT Coulomb": -0.007763957278,
        "Undamped Coulomb": -0.0067340644
    },
    "S22by7-2-1.5": {
        "SAPT Coulomb": -0.003928751386,
        "Undamped Coulomb": -0.0035504532
    },
    "S22by7-2-2.0": {
        "SAPT Coulomb": -0.0017327430259999,
        "Undamped Coulomb": -0.0015504809
    },
    "S22by7-3-0.7": {
        "SAPT Coulomb": -0.14596842071,
        "Undamped Coulomb": -0.1076513682
    },
    "S22by7-3-0.8": {
        "SAPT Coulomb": -0.104182429414,
        "Undamped Coulomb": -0.0771503567999999
    },
    "S22by7-3-0.9": {
        "SAPT Coulomb": -0.073926278818,
        "Undamped Coulomb": -0.0571951765
    },
    "S22by7-3-1.2": {
        "SAPT Coulomb": -0.02997758582,
        "Undamped Coulomb": -0.0265307165
    },
    "S22by7-3-1.5": {
        "SAPT Coulomb": -0.014708953238,
        "Undamped Coulomb": -0.0139226646
    },
    "S22by7-3-2.0": {
        "SAPT Coulomb": -0.0057472311679999,
        "Undamped Coulomb": -0.0056784447
    },
    "S22by7-4-0.7": {
        "SAPT Coulomb": -0.128907284352,
        "Undamped Coulomb": -0.0806087839
    },
    "S22by7-4-0.8": {
        "SAPT Coulomb": -0.086100738808,
        "Undamped Coulomb": -0.0580694179
    },
    "S22by7-4-0.9": {
        "SAPT Coulomb": -0.058913422246,
        "Undamped Coulomb": -0.0434740604999999
    },
    "S22by7-4-1.0": {
        "SAPT Coulomb": -0.0418962698,
        "Undamped Coulomb": -0.033503556
    },
    "S22by7-4-1.2": {
        "SAPT Coulomb": -0.023812188764,
        "Undamped Coulomb": -0.0211997021999999
    },
    "S22by7-4-1.5": {
        "SAPT Coulomb": -0.012429598552,
        "Undamped Coulomb": -0.0119080171
    },
    "S22by7-4-2.0": {
        "SAPT Coulomb": -0.005625000514,
        "Undamped Coulomb": -0.0055110903
    },
    "S22by7-5-0.7": {
        "SAPT Coulomb": -0.142082537702,
        "Undamped Coulomb": -0.0937009162
    },
    "S22by7-6-0.9": {
        "SAPT Coulomb": -0.06243643798,
        "Undamped Coulomb": -0.0461064044999999
    },
    "S22by7-6-1.0": {
        "SAPT Coulomb": -0.0438766613739999,
        "Undamped Coulomb": -0.0347306621
    },
    "S22by7-6-1.2": {
        "SAPT Coulomb": -0.023752587376,
        "Undamped Coulomb": -0.020942717
    },
    "S22by7-8-0.7": {
        "SAPT Coulomb": -0.011852708112,
        "Undamped Coulomb": -0.0008874128
    },
    "S22by7-8-0.8": {
        "SAPT Coulomb": -0.00322150283,
        "Undamped Coulomb": -0.0003768735
    },
    "S22by7-8-0.9": {
        "SAPT Coulomb": -0.000867407366,
        "Undamped Coulomb": -0.0001662106999999
    },
    "S22by7-8-1.0": {
        "SAPT Coulomb": -0.000222947438,
        "Undamped Coulomb": -7.687459999999998e-05
    },
    "S22by7-8-1.2": {
        "SAPT Coulomb": -5.57767e-06,
        "Undamped Coulomb": -1.9078799999999987e-05
    },
    "S22by7-8-1.5": {
        "SAPT Coulomb": 2.231068e-06,
        "Undamped Coulomb": -3.337999999999999e-06
    },
    "S22by7-8-2.0": {
        "SAPT Coulomb": 3.1872400000000004e-07,
        "Undamped Coulomb": -3.987e-07
    },
    "S22by7-9-0.7": {
        "SAPT Coulomb": -0.034938365518,