File,SAPT Coulomb,Undamped Coulomb
S22by7-5-1.0,-0.050557275776,-0.0412099042999999
S22by7-11-0.7,-0.128689914584,0.0203918815999999
S22by7-12-0.9,-0.019819055130000002,-0.0008289749
S22by7-13-2.0,-0.000994737604,-0.0009457686
S22by7-17-1.2,-0.003180546796,-0.0031671815
S22by7-18-1.0,-0.00316811656,-0.0024277498
