File,Undamped Coulomb
S22by7-11-0.7,0.020391881599999998
S22by7-12-0.9,-0.0008289749000000026
S22by7-13-2.0,-0.0009457686000000001
S22by7-17-1.2,-0.0031671815000000004
S22by7-18-1.0,-0.0024277498
S22by7-5-1.0,-0.041209904299999996
