File,Undamped Coulomb
UBQ-ala28-asp32,-0.014042407300000004
UBQ-ala46-lys48,-0.03718093740000001
UBQ-arg42-val70,-0.024237906400000002
UBQ-asn25-lys29,-0.012706740799999996
UBQ-asp21-leu56,-0.0118306373
UBQ-gln2-glu64-small,-0.0134126973
UBQ-gln31-gly35,-0.013941305499999999
UBQ-gln62-ser65,-0.0308658766
UBQ-glu16-lys29,-0.031749823
UBQ-glu18-asp21-C,-0.011800441200000003
UBQ-glu18-asp21-N,-0.0162738216
UBQ-ile13-leu15,-2.395379999999998e-05
UBQ-ile13-lys33,0.00036600789999999994
UBQ-ile3-leu15-big,-0.0165156279
UBQ-ile3-leu15-part1,-0.0113625501
UBQ-ile3-leu15-part2,-0.011292391700000001
UBQ-ile3-leu15,9.423350000000005e-05
UBQ-ile3-leu67,-2.313300000000003e-05
UBQ-ile3-val17,-2.2339399999999988e-05
UBQ-ile36-leu71,-0.00016839020000000005
UBQ-ile44-gly47,-0.0002747545
UBQ-ile44-his68-big,8.315740000000005e-05
UBQ-ile44-his68-small,8.795140000000001e-05
UBQ-ile44-his68,-0.030726335700000003
UBQ-ile61-leu67,-0.00010033830000000009
UBQ-leu15-ile30,-2.5717800000000064e-05
UBQ-leu43-leu50,-0.014345494399999999
UBQ-leu50-tyr59,0.003170509900000001
UBQ-leu56-ile61np,5.543099999999998e-05
UBQ-leu56-ile61p,-0.00734311
UBQ-leu56-tyr59,-0.0057505805
UBQ-leu71-leu73,-4.40932e-05
UBQ-lys11-glu34,-0.14908780170000002
UBQ-lys27-asp52,-0.1636367644
UBQ-met1-val17-mono,-0.0145174239
UBQ-phe4-thr12,0.00021456430000000014
UBQ-phe4-thr14,0.0004966028000000003
UBQ-phe45-ile61,-0.003068624600000001
UBQ-pro19-ser57,-0.0126780709
UBQ-pro37-gln40,-0.0106972053
UBQ-ser57-asn60,-0.0125919339
UBQ-thr14-lys33,-0.0203844397
UBQ-thr22-asn25,-0.0077291362
UBQ-thr22-thr55-big,-0.03369746840000001
UBQ-thr22-thr55-small,0.0011264984999999994
UBQ-thr22-val26,-0.010492143599999998
UBQ-thr55-asp58-backbone,-0.0068908007
UBQ-thr55-asp58-sidechain-small,-0.0274630582
UBQ-thr55-asp58-sidechain,-0.0187958305
UBQ-thr7-ile13,-5.112239999999997e-05
UBQ-thr7-lys11,-0.0123939263
UBQ-thr7-thr9-v2,-0.0007109308000000001
UBQ-tyr59-ile61,5.637120000000017e-05
UBQ-val17-leu56,-0.0001010983
UBQ-val26-leu56,-0.0001172983
UBQ-val5-leu15,-5.8348899999999986e-05
UBQ-val5-leu69,8.589399999999993e-05
