File,SAPT Coulomb,Undamped Coulomb
BBI-007VAL-041VAL-1,-0.017730456757999998,-0.0123968832
BBI-008TRP-251HIE-2,-0.01224378246,-0.0108715395
BBI-012LEU-085ASP-1,-0.019010771066,-0.0149519785999999
BBI-015LEU-026LEU-1,-0.018079937624000002,-0.0136943272
BBI-017ASN-021LYS-2,-0.008722200984,-0.0084136911
BBI-030TRP-178GLY-2,-0.013641865286,-0.0124459842
BBI-033ASN-036TRP-2,0.0034858843879999996,0.0054312379
BBI-033VAL-115VAL-1,-0.015515643682,-0.0128607793
BBI-038ALA-041GLY-1,-0.0028701096199999997,0.0006279045
BBI-040THR-049GLN-2,-0.015936837448,-0.0135264587
BBI-041GLY-045LEU-2,-0.013793896634,-0.0116901004999999
BBI-044SER-047GLU-1,-0.006089062658,-0.0020820029
BBI-044TRP-054LEU-1,-0.017261135668,-0.0138308598999999
BBI-061VAL-064TYR-2,-0.011717250412,-0.0090758765
BBI-072THR-075PRO-1,-0.003866600206,0.0004850551999999
BBI-081LEU-084LYS-1,-0.003750265946,0.0006261877
BBI-084LEU-088MET-2,-0.01456807723,-0.0117435485
BBI-087LEU-090TYR-1,-0.014606961558,-0.0102555374
BBI-108LYS-112TYR-1,-0.01092665553,-0.0100901690999999
BBI-108TYR-129TRP-1,-0.016111338838,-0.012939061
BBI-112SER-115ALA-2,-0.004278550976,-0.0003043288
BBI-121VAL-155THR-2,-0.01836328326,-0.0131473299
BBI-171ALA-175GLU-1,-0.001078402654,-0.0004357389
BBI-197TYR-201LEU-2,-0.01189557649,-0.0101627911999999
BBI-228ARG-232GLU-1,-0.015699866154,-0.0124927878999999
