File,Undamped Coulomb
BBI-007VAL-041VAL-1,-0.0123968832
BBI-008TRP-251HIE-2,-0.0108715395
BBI-012LEU-085ASP-1,-0.014951978599999999
BBI-015LEU-026LEU-1,-0.0136943272
BBI-017ASN-021LYS-2,-0.0084136911
BBI-030TRP-178GLY-2,-0.012445984200000001
BBI-033ASN-036TRP-2,0.0054312379
BBI-033VAL-115VAL-1,-0.012860779300000002
BBI-038ALA-041GLY-1,0.0006279045
BBI-040THR-049GLN-2,-0.0135264587
BBI-041GLY-045LEU-2,-0.011690100499999998
BBI-044SER-047GLU-1,-0.0020820029
BBI-044TRP-054LEU-1,-0.013830859899999999
BBI-061VAL-064TYR-2,-0.0090758765
BBI-072THR-075PRO-1,0.0004850551999999997
BBI-081LEU-084LYS-1,0.0006261877000000005
BBI-084LEU-088MET-2,-0.0117435485
BBI-087LEU-090TYR-1,-0.010255537400000002
BBI-108LYS-112TYR-1,-0.010090169099999999
BBI-108TYR-129TRP-1,-0.012939061000000002
BBI-112SER-115ALA-2,-0.0003043288
BBI-121VAL-155THR-2,-0.013147329900000001
BBI-171ALA-175GLU-1,-0.0004357389
BBI-197TYR-201LEU-2,-0.010162791199999998
BBI-228ARG-232GLU-1,-0.012492787899999998
