File,SAPT Coulomb,Undamped Coulomb
HSG-3,0.000993303346,0.0040289115
HSG-4,-0.037245449192,-0.0270369962999999
HSG-6,-0.005040460698,-0.0037733494
HSG-7,-0.002445569252,-0.001379867
HSG-8,-9.211123599999999e-05,0.0033511653
HSG-11,-0.007799654366000001,-0.0075452641999999
HSG-12,-0.002762699632,-0.0002862352
HSG-13,-0.002080311548,-0.0004093707999999
HSG-17,-0.001673141638,0.0004479927999999
