File,Undamped Coulomb
HSG-11,-0.0075452641999999995
HSG-12,-0.0002862352000000001
HSG-13,-0.0004093707999999996
HSG-17,0.0004479927999999999
HSG-3,0.0040289115
HSG-4,-0.027036996299999998
HSG-6,-0.0037733494
HSG-7,-0.0013798670000000001
HSG-8,0.0033511653000000002
