Sij,Rij
0.00112605924677,8.55459212277629
0.00045672954650,11.05317137560615
0.00762930288718,6.34316822011325
0.00020293902159,8.67825660848893
0.00316710312349,8.85703550555187
0.00235146812294,8.83812427452495
0.00045673153267,11.05317041106197
0.00762941687587,6.34316748279505
0.00142834611811,8.71672817804185
0.00194169853309,8.53501107547050
0.00147084517061,8.53677065199207
0.00045673163613,11.05317059365911
0.00762939532595,6.34316740877208
0.00301494935493,8.84051827900346
0.00029400775730,8.71257717533409
0.00035340091871,8.96708344801834
0.00172532113630,11.39318849156395
0.04170900610418,6.49037771777555
0.00035342389690,8.96708349323429
0.00035341895016,8.96708353541154
0.00269625643403,8.85533970902587
0.00045672831301,11.05317156427188
0.00762929776835,6.34316871303249
0.00178954318998,8.55211848737383
0.00093139719590,8.68242464027800
0.00153457119066,7.79477917747860
0.00255975579208,10.21721460487960
0.05835150852666,5.31440383109123
0.00153454552305,7.79477913402545
0.00153455126285,7.79477933391932
