Sij,Rij
0.01350612121430,6.23508526228385
0.00893677433287,8.06151729537774
0.01349822025027,6.23540657128666
0.00035768429803,6.63661470242957
0.00893677431849,8.06151729547270
0.00621672154755,9.81249547931898
0.00893274392127,8.06181316722699
0.00893676737179,8.06151738800907
0.01349822022689,6.23540657136258
0.00893274392264,8.06181316718913
0.00035151133721,6.63740778708130
0.01349820825655,6.23540676588873
0.00035768427482,6.63661470266079
0.00893676736173,8.06151738813372
0.01349820823904,6.23540676606638
0.01350612768035,6.23508537234215
