Sij,Rij
0.00093201748494,8.30484691232247
0.00142707071850,9.05484990879931
0.02290069147487,5.64164264344680
0.00117807919907,7.24048190910179
0.00246950238224,9.82156867969702
0.00127089537635,8.66988849446813
0.00402131325967,10.05421874658973
0.00624335080180,7.82597250891709
0.00117616683796,8.53998447926996
0.00399252931906,7.65424934206900
0.00022170689191,11.50008021581341
0.00003256311444,11.00337856773080
0.00190954041201,8.84640515865699
0.00063366893898,10.94180974466151
0.00020896239709,12.78001149305336
0.00009218405640,11.21527346742512
0.00032307006987,12.70830525358257
0.00058092061366,10.68666865269313
0.00007841046324,10.94228176110261
0.00024150702870,10.76123921416514
0.00116262400849,9.48768904556098
0.00031761310956,8.57565057029688
0.00637128081692,6.04853102238208
0.00079476804952,7.77046201044686
0.00256083869912,10.59176138004379
0.00190831412726,8.09078054078912
0.00006960697000,9.83883798037968
0.00067671021721,7.82992766262477
0.00164664470375,9.30331051142652
0.00378332755742,8.31633699037152
0.00040259025128,7.84093268892881
0.00161327627417,7.59396502929644
0.06645533792475,4.89467411585815
0.00831119861695,6.96577354340677
0.00511192561024,9.03885209959655
0.00020054493628,7.65928757950662
0.00516137895572,9.01043181409960
0.00529516310396,6.86245084126890
0.00184521593337,7.45580872185493
0.00582959009735,6.90077624491654
0.00059365404299,9.79791596603798
0.00070088014716,9.84096877035322
0.02325751318747,7.07783034429352
0.00077380895283,9.00776805332706
0.00141543818551,11.19978086561144
0.00138281123201,9.77577499570297
0.00091771887893,11.25275529278737
0.00134057919322,9.10605203687835
0.00045024590475,9.58312311957173
0.00208241951912,9.08232398620614
0.00004833638460,10.54746983197468
0.00002985648437,11.38016406704503
0.00032226182062,8.56537707778270
0.00007396772346,10.55773642227669
0.00014607776552,12.15172295918523
0.00050253148084,11.62826468605935
0.00004990405614,12.86902002720581
0.00004934163849,10.67674590835170
0.00000212938284,10.31137869305503
0.00041507760670,10.25604524926234
0.00029045314341,11.93149975858725
0.00070817340842,12.15372958448657
0.00877034042197,9.38297160363595
0.00050061607431,11.22959195739666
0.00037241960070,13.45849977595364
0.00044047372234,12.02597778414479
0.00026997272101,13.57523999208249
0.00007865259098,11.43465445564271
0.00064569434664,11.81190124703023
0.00004740397108,11.36894259569150
