Sij,Rij
0.00172047836013,8.28823808791120
0.00228475156059,7.02927254038169
0.03223871049439,4.83792185749576
0.00457887096494,6.31409838795519
0.00013813118042,8.71095774317787
0.00288756291418,6.88748355679346
0.00051461556296,8.46037687568196
0.00504676529780,9.37360073082868
0.00767340968734,7.12736316035132
0.00082028614468,6.44170242392539
0.00362144379111,7.49779107966827
0.00041073565141,9.52684262617787
0.01562572129495,5.83083475676213
0.00010797691360,7.10597020725447
0.00060252589399,8.84686060546435
0.00016796651892,9.45396182448438
0.00288828461006,10.47152003114280
0.00091389506939,9.23849446372840
0.00209961694603,7.48943753200842
0.00619948047579,8.13383166621969
0.00118578721752,8.13020977502476
0.00196675186775,8.15149294297481
0.00439078399255,5.22425956857826
0.00381413576224,6.62125747023054
0.00038088708665,8.94398174055437
0.00299435809817,7.97658851950726
0.00302731272793,9.38811814522478
0.00122021392783,9.47827422177681
0.00044886752301,7.36919944383513
0.00402401446965,7.19365115807041
0.00168264211468,9.60794638502669
0.00103191852609,10.54692188526487
0.00097256021520,7.40652855200103
0.00192405210548,8.81097549687547
0.00036523022990,10.71359198554712
0.00138704289247,10.49751028336694
0.00139093561381,11.80552264268811
0.00032972382309,11.28287869973561
0.00086379822361,9.35169251002971
0.00259625965111,9.55343314797351
0.00043428866934,8.04891104332482
0.00098179170600,9.03378069428552
0.01399474819322,6.03603673367234
0.00243518609318,7.85489030061489
0.00041354922276,8.91856288828154
0.00003179861424,9.41061218924598
0.00215569293058,10.42207606504340
0.00127974083650,9.83719336039420
0.00200203779370,7.88770613581526
0.00288078421967,8.20291683524832
0.00246601994956,7.77412985819782
0.00010760394279,7.27544866959410
0.07053898683582,4.48516919813117
0.01432299855844,5.64657345905820
0.00274571969382,8.46691609346188
0.00466290537190,6.85060708315658
0.00339690754124,8.38891945587919
0.00696342907936,8.84212188302036
0.01603931671986,6.68983967779744
0.00723717287513,6.25047432632754
0.00080385940520,8.77026306403551
0.00145515583294,7.98601283078007
0.03408635734635,5.46447296833398
0.00128657572677,6.60186595628515
0.00011407624798,9.44472529678193
0.00110077736585,7.54363917640464
0.00044888234925,9.20361905853977
0.00207078592595,9.85394945768060
0.00317771586579,7.69134900924837
0.00033682878695,7.13899984615919
