Sij,Rij
0.04621099110187,5.25942483337132
0.00615768124136,9.58268586769130
0.01501938961375,5.80056915457051
0.00123395629561,6.52620311207177
0.01510483715117,7.38005497456139
0.00186955793608,9.28769184089400
0.00072596494066,8.72495710137451
0.00617139403373,9.86980474211878
0.00060767268092,13.85306671911815
0.00230545298350,9.90357892440627
0.00061045996328,10.92294928652506
0.00131854999602,11.81562611600064
0.00018938885370,13.86371839388628
0.00012031058787,13.02851320770079
0.00550306872892,6.19743107333075
0.00057542696979,9.83118162218064
0.02301745385144,5.87187025660385
0.00409992383814,7.15435645213674
0.00735462341001,7.90015495631208
0.00350397520004,10.06398262637157
0.00045955954128,9.17342985831756
0.00002487652867,6.51074216705872
0.00065295360340,10.49172363533949
0.00375299739221,6.50485621540625
0.00453409417177,7.08846893921843
0.00513327149408,8.41708983472880
0.00112652319170,10.49002393154137
0.00044360212012,10.08262018822316
0.01326649596022,7.54679868952579
0.00104701441158,11.67976202622825
0.01308075053876,7.76805644690900
0.00259710529849,8.67315900759547
0.00550953721695,9.56628717730956
0.00118794619435,11.56284362802458
0.00022442989397,10.84482160668391
0.00056759950880,9.33447346025570
0.00008450183019,13.71389078269869
0.00331220922228,9.89467928048371
0.00020671355433,10.54492912167081
0.00056990814610,11.50578826432679
0.00041418441036,13.34029715108199
0.00010706505139,12.75392618074946
0.00034580680080,9.03367281917281
0.00010957988209,13.11884094664085
0.00039047097388,9.39510020391396
0.00075737881075,10.49814434907252
0.00039263360065,11.04092576303593
0.00015598275906,12.91928772916612
0.00010688727909,11.95885378707539
