Sij,Rij
0.00114539030298,6.85503849730997
0.00025352866090,8.50378552449827
0.00193357539501,6.94300206217486
0.00148473418366,9.27444595497734
0.00274074543718,7.80669916142277
0.00890361231896,5.81935559485773
0.00349923079456,6.34657421484029
0.00121353628759,9.27037210519431
0.00045040889547,10.14171535522886
0.00043329349464,8.80417945293913
0.00047418225821,10.57479655156968
0.00140933852924,8.68397021547046
0.00696002950826,8.05761825786725
0.00071719441580,8.35896314371634
0.00142424950752,6.64066065986973
0.00010629207132,7.53990680542457
0.00051957593936,6.41446455962686
0.00014426971758,8.57155211924638
0.00178575546621,6.83924064062362
0.00345925767048,5.47217202822890
0.00664177855178,6.14341543318904
0.01416977265078,5.32698497350601
0.00221299128914,6.85859539529954
0.01330714715117,5.25219977536746
0.00559349770766,7.53775439005263
0.00373047043414,6.08801189891923
0.07739329917790,4.20010034155265
0.02378338212543,4.71990819705912
0.00201065203411,6.95446725570606
0.00048745611929,8.14586932483038
0.00034072472929,6.66643872417018
0.00051273994474,8.72048530321426
0.00004864496515,7.01161528365381
0.00760670852788,5.76809773201309
0.00057287128373,6.17637228288344
0.00173994856605,7.86752383181149
0.00139977710886,8.41504450270195
0.00068075315548,7.14510375587686
0.00132020202257,8.62698149823510
0.00886078678716,6.71120995004843
0.00142996446101,6.63698126169130
0.00207973215874,6.82407103098031
0.00138322588515,8.14411302540148
0.00053185525256,9.55488971076065
0.00118192593124,7.80332893548874
0.00047869630491,9.57775088480359
0.00098063956972,8.00460712137269
0.00037726987224,7.04692432726969
0.00189748801204,7.11729329043356
