Sij,Rij
0.00034296337613,8.59277516982554
0.00087555900190,9.85439491419859
0.01147079637061,6.88166050254441
0.00020183272602,7.61342689665875
0.00015626403397,8.94850333847978
0.00049313015197,11.04875373370884
0.00042266709188,10.74560863882709
0.00047197841471,10.12378003223368
0.00019060859382,9.86568066507936
0.00110201335151,7.93330880514937
0.00089196626933,9.51173951076478
0.00029394991445,9.76315917595618
0.00020916962560,11.72588123791668
0.00005297821794,10.72409551215260
0.00271759992169,7.07573157958623
0.00186488225168,8.54769714139285
0.04469172694146,5.28285898985767
0.00149826680464,6.58409861144201
0.01045987923225,7.51487467264956
0.00623827956504,9.74777193503829
0.00037176275622,9.08031963398279
0.00996323267987,7.41270190558597
0.00145445752136,7.82148070848929
0.03561428806284,5.39746623682334
0.01248689532351,6.25551709387882
0.00655528614510,7.26076571411825
0.00339516163959,9.25886528099448
0.00082720298790,8.92393228595628
0.00038353347007,11.30313044793963
0.00000930612723,11.27192178637102
0.00481755979215,9.18050734836617
0.00111922128313,10.38764539573401
0.00082963251440,11.06998507701842
0.00045488737616,13.03722031569410
0.00013466606846,12.34442754787634
0.00053016941909,9.07821639838609
0.00036257252299,9.61796491840178
0.01339838412519,7.04197936613001
0.00624307050535,8.31050500259504
0.00275881493881,9.08205779170042
0.00081018315502,11.17824094017945
0.00053534227197,10.48514608273373
0.00084861134632,10.86084518520576
0.00031522466063,11.47040339037339
0.00256007944683,8.86795346672413
0.00211981991609,10.40106506896195
0.00012436472438,10.96330215222970
0.00013987791925,13.09819423148899
0.00013607986429,12.12011039293794
