Sij,Rij
0.00547991653271,7.86458759241522
0.00069771437854,11.94714830759947
0.00754486500584,7.90497935872330
0.00723205503905,7.96538023289568
0.00220130026117,9.84086906918089
0.00014535044034,11.55119894487767
0.00083417188382,12.00837794523945
0.00282676772018,9.90746765971763
0.00081045886983,8.64621908289705
0.00030301725428,9.72953082067611
0.01030319201844,7.54356299252499
0.00013296631867,12.56312784070543
0.00164840974374,8.94851374340856
0.00112709008192,8.03594715145326
0.00062999080853,9.05052292833154
0.00041672994113,12.05383713105207
0.00005814187879,11.90823971039176
0.00067308888402,10.28784771084743
0.00023800294347,8.72367128216653
0.00192664369984,9.80324334425424
0.00204316770893,6.54090208097093
0.00310786433049,10.03420459888196
0.01488471909260,6.08827614966768
0.02399885378509,5.85161258647111
0.00025608971462,8.24031707622234
0.00052558251936,9.42922412292413
0.00228708195929,9.93371376146933
0.00973511922296,7.90163730545641
0.00427542517902,6.88892831703150
0.00046681539070,8.36025096805745
0.00133892022498,6.74515620357627
0.00040658308846,12.43023128358602
0.00103734089744,8.76957954816613
0.00192456441407,8.30032832137880
0.00159383646896,8.57286445392921
0.00030258942385,12.34784521919163
0.00017708744848,12.03437063361639
0.00142386620501,10.30788443185429
0.00210463959861,8.38397740405514
0.00036902666062,8.94610571538413
0.00277485945903,6.28573449315866
0.00057373102899,11.10583946215522
0.00540727974797,7.23236329583611
0.00057903896329,6.83740977889246
0.00242392638686,8.13756880987647
0.00017461073606,10.77908756337777
0.00022158388952,10.83415730311894
0.00038187571876,8.93365879213235
0.00039432888803,7.36877938879141
0.00115444510603,8.40349756067832
0.04541677129169,5.30644725548026
0.00251141061819,10.68293737416717
0.00179568711854,7.24806888404308
0.01174873584856,6.35146536832093
0.00191310241590,6.81489532090808
0.00208309803244,10.43074326339119
0.00077139533524,10.03326800850456
0.00022872128252,8.46771870981831
0.00173311363059,6.66831775505992
0.01007319559637,7.58631083674518
0.02465462458546,5.78689605500857
0.00055708881631,10.05046456521225
0.01876762112905,6.02503919973251
0.00417575050401,6.38454035671405
0.00527294352512,7.88164713267949
0.00087130016258,9.97018931634211
0.00360682723723,10.25500824801879
0.00596650865759,8.11055100305937
0.00015946994562,6.64649164100742
0.00199994205840,7.52585974620394
