Sij,Rij
0.00025038350852,7.89240130767710
0.00104058255311,9.82301929908213
0.00237445073180,8.74191985377410
0.00049315156122,10.07057097029662
0.00111787208067,8.67522124323491
0.00025196436647,9.28507862914183
0.00284208250697,7.60349244868566
0.00434001391329,9.30116744904734
0.00014225488811,11.46345396024631
0.00051586462586,8.82748829752197
0.00077010080187,10.89175916413037
0.00184004307982,10.23580596711403
0.00059337651231,11.97868008261741
0.00460280585214,10.06621605996195
0.01842094203735,5.96655326057484
0.00177507296219,9.11736551243506
0.00406766270772,6.42150010633782
0.00550098209883,7.98997358354993
0.00566401795560,7.39485145364550
0.00103870896942,8.93128915430915
0.00497284388350,7.40097596454503
0.03663823365281,5.26573685389322
0.00240146880136,7.32450307167433
0.03642655017941,5.32163629811610
0.01707535154811,7.14504401758058
0.00343136528291,6.00648484575708
0.00469598635406,7.44609984951563
0.03412814422585,5.58548103010574
0.00145182383188,8.97797602723754
0.00006303884925,10.32182565993904
0.00090496314593,9.27627094349125
0.00001348656776,10.97988694730970
0.00083345587631,9.47264908203687
0.00026650024311,10.27882803402158
0.00058338973751,8.27430264345890
0.00105332680215,7.73925065130164
0.00011293917222,9.74995229225397
0.00880494460079,6.88754057983526
0.00205538767180,9.03447520760036
0.00245181467184,8.53975476152110
0.00159997981366,10.48614902155312
0.00149824742269,8.67344916166592
0.00065819164923,8.68043730659939
0.00012010729299,9.93771653980001
0.00059514320995,7.90503630917026
0.00022679416857,10.11222488246061
0.00064814858362,9.10510036771639
0.00014278608205,10.73045644352114
0.00048555150148,8.64576182964203
0.01045379608423,7.17409058121021
0.00010684942253,9.35517649883516
0.00286184264668,6.92228708571857
0.00149335069460,8.91499991354875
0.00176250528562,8.06804551941261
0.00094578249625,9.69602641938848
0.00574744823528,7.80471260851100
0.00369807481460,9.22361997105625
0.00036115285411,11.50882784760124
0.00547437973845,9.83486306030346
0.00170897991694,11.38257778777122
0.00154238158913,10.23791575790402
0.00023362317045,11.18726654958633
0.00216742680300,9.41762556144040
0.00966918931561,7.20868128186886
0.00053625442194,9.39227839897393
0.00998846097726,7.59363881402703
0.00297994463722,9.26982915817531
0.00068720530930,8.11327802505015
0.00027355821071,9.26947325283777
0.00266281047505,7.42436119451756
