Sij,Rij
0.00337717798098,8.79665762783673
0.03624749962866,5.10866300341203
0.00452808745237,8.93334715396769
0.00405418056313,8.92892985636797
0.02746123338097,6.88300284028099
0.03895901187421,5.18382149835615
0.03005730796927,5.14456380814240
0.00034464719148,13.26420088746873
0.00519297529943,9.40307343938968
0.00058595192884,13.07571382971006
0.00045992325420,13.31064353379015
0.00232708070875,11.26356454252609
0.00580780053787,9.77136478390836
0.00395712208933,9.28261742321492
0.00196223915002,9.44822979293684
0.02697782368096,5.52139661553456
0.00084307955465,9.13643828735059
0.00390969124427,9.66533578035055
0.01089792109204,7.48861058870588
0.00695014489188,6.39312759177501
0.01511692275696,5.65476154308671
0.00480601495967,9.81293480669628
0.00464238511284,6.18107620957104
0.00022895620952,9.45340039745484
0.00054565016698,9.53221597953090
0.00874944409340,7.65521623486569
0.00031394444143,6.32396401808491
0.02852014936013,5.49535375855203
0.00166833457754,10.99642433430174
0.01566729542675,7.17896014833607
0.00057577880977,10.93948233507646
0.00110257845973,11.09154311568831
0.00804164284605,9.03046728358479
0.00898297363204,7.46649726380219
0.02080978783548,7.13480829254720
0.00026930950529,12.72415478382260
0.00258431861332,9.08091385079756
0.00007700503022,12.87329799828738
0.00036310337266,12.74170915908758
0.00054767482767,10.80931968185902
0.00164513469230,8.96667409192709
0.00153758272905,8.95222651578301
0.00051023082724,12.54303742137280
0.00074914867050,8.72388192850294
0.00010563554898,12.69918501569426
0.00012304723798,12.92448924922278
0.00068338577229,10.77148827740876
0.00017777839078,9.12620941899445
0.00349292359022,9.10427632141208
