Sij,Rij
0.00164208358190,8.66024049608014
0.00066209450726,9.46505141557002
0.00279752486513,7.17307715677867
0.00158939668374,9.81188413386907
0.00335065941087,8.05379044752170
0.00590031792179,6.56878165482883
0.00584856333778,7.98744494510704
0.00002019580076,10.85682842428234
0.00021396553812,11.02012951273938
0.00044318964597,8.75999679381904
0.00005981003957,10.53621263786620
0.00052987692519,9.66251112964510
0.00019147044239,9.18186390947822
0.00018571277038,8.90255787400691
0.00028343397014,8.96005012241365
0.00125495893586,8.76172364009770
0.00615567851890,7.43524564538156
0.00161363575610,9.12976375194800
0.00035472491689,7.76707554782546
0.00037482867074,6.81963646091432
0.00582995853485,7.04787337903151
0.01681282832571,7.23418491406433
0.00164763229235,7.77670361393366
0.03528535837357,5.46255038183253
0.00060814273187,7.79826052136792
0.00135823453820,6.28771068172820
0.04014706934084,5.29364396346895
0.01920190248174,6.05184275693762
0.00275087801635,9.53649426293435
0.00028798444402,10.00409819388597
0.00442349155184,7.65548097251828
0.00014379782517,9.90975511482082
0.00042520258845,8.58212667406147
0.01202583270584,7.63194238807098
0.00459515547676,8.12993824746376
0.00021733732687,10.57555824988727
0.00036360742598,11.56004198464355
0.00008033086374,8.50247865914487
0.00011579083541,11.10188973638238
0.00040507189656,9.86305986220405
0.00068437022481,8.96663989380965
0.00020005531952,9.63826283600787
0.00145633662978,11.86567171954017
0.00011131723798,12.30394891371581
0.00387675607667,9.92783507949308
0.00003926526116,12.13328131232860
0.00087193351283,10.91859511262127
0.00575180334332,9.98729835362741
0.00262289757927,10.35464753382737
