Sij,Rij
0.00062563415417,8.68640760049704
0.00022374481969,11.28617346204775
0.01043812206744,7.44870437814796
0.00638787780093,8.57609135544305
0.00151880155974,9.78143349361939
0.00053746264863,11.43767857338261
0.00123805386290,12.07927850927764
0.00084282724855,5.90691386111993
0.00013404707851,8.19258229126596
0.05398588963215,4.85271065424946
0.06307969626663,4.85552265620499
0.02673497312719,6.74155226095212
0.00700017842033,8.91206071647520
0.00561817724372,8.77996671824624
0.00404559612595,7.87139013227493
0.00051071182719,9.62630744961792
0.01186581571990,6.15461261817822
0.00134386756654,7.53559775264743
0.00218117698860,8.45973739971692
0.00023122403409,9.96756854403596
0.00212206022845,10.75545002998127
0.00366003178602,8.14515156962052
0.00051934258069,9.93861554372318
0.00592678728455,6.84756639279075
0.00765005806174,6.96092894933092
0.00228423262533,8.77320085746523
0.00027034991601,10.86589027684830
0.00022115489961,10.79686575530966
0.00177203097495,7.17725655205933
0.00032144171426,9.58203747122445
0.00609261671573,5.89630087658530
0.00663367107245,6.63342677487237
0.00233425710123,8.12483279663006
0.00046367156587,10.03127485949205
0.00201588006091,10.35182462402773
0.00137276056977,7.55036456774007
0.00009921836921,10.38672148803659
0.00925765297259,6.82392527334475
0.00573422512941,6.81995528213544
0.00008535826536,8.76824310624801
0.00027507763639,10.93294592045506
0.00043921191018,10.79522567532508
0.00563814390840,6.56976986929603
0.00023521397822,9.35557131862359
0.03495388404468,5.39290083782223
0.00603329752921,6.74902391619547
0.01047388511274,7.72256831244380
0.00048835452488,9.28981207895760
0.00544676363174,10.02651380187219
