Sij,Rij
0.00945122284304,4.68763990921190
0.00487857211696,6.46895016819263
0.02040029974358,4.82483804859562
0.00353191590975,6.14337628733612
0.00925040411233,7.25829598669474
0.03924581834553,4.22771624675458
0.12896033809814,3.64658883920064
0.00401381124175,7.02710708064273
0.00058594216149,8.55857482236070
0.00426527887239,7.26208313000846
0.00092084676652,9.02484012114878
0.00170715638807,9.69797525727618
0.00693021293426,6.24541813189301
0.00205059261275,6.19752139641433
0.00525197534204,6.13629623256570
0.00162448871460,7.68869746943015
0.00165532207684,6.25501922000436
0.00229185860970,7.56079608885798
0.00068930580997,8.69704467075471
0.00139417908495,5.55549021149788
0.01849091571912,5.10998975139028
0.00139130170277,7.66994455605157
0.00090235781078,8.21561868595529
0.00205868992063,7.45102339677666
0.00035617153120,8.64139429146435
0.00058771358172,9.74178721972760
0.00217733895939,6.74967429014703
0.00370771418485,6.56440044822286
0.00216025848493,8.48399907076241
0.00058596173568,9.88901564231853
0.00121305784609,8.63438813293665
0.00126875058071,9.98989468727579
0.00006387684368,11.07914234027513
0.00096693112643,7.81710618541477
0.01204525295470,7.51433379324347
0.00488671983443,5.69911252585239
0.00104757452403,7.73547505076633
0.00803943284543,6.00400759917646
0.00412223741340,7.25767534938018
0.00309864422381,8.42485969796160
0.01076043344553,5.38636141210046
0.00701296301700,4.77304111568992
0.00688625104128,5.86970849126859
0.00018662696687,7.36820049914448
0.00486004110308,5.90756423810972
0.00139092283621,6.87476932220566
0.00118347796551,8.25292590564946
0.01424648195863,5.44750100626244
0.00850068436938,4.79280755089092
