Sij,Rij
0.00147833359262,9.20611961673340
0.00012736738532,10.21727319342725
0.00370635481511,7.41692481080513
0.00213755313057,8.17419475665199
0.00068869222332,9.47242749177587
0.00087032513814,11.59928289302001
0.00009887081996,11.16680481546619
0.00024189262441,10.03196422176184
0.00009779061625,12.11852324642796
0.00384465284847,9.38987270221093
0.00059254157765,8.68434513084386
0.00060036284268,10.89061269677042
0.00049070265846,12.59746507495035
0.00003272633791,13.16994999610867
0.00508918327811,6.67242073827712
0.00003785050020,9.38224917964375
0.02079926574127,5.78499095088743
0.00670352013615,6.06444828052598
0.01118687438022,7.82531231326852
0.00336059263419,9.97332287836813
0.00135041348205,9.86758727309851
0.00008412494830,10.37128978987963
0.00018162044238,12.05114327864711
0.00241264735850,8.92051450735745
0.00683669626467,9.44453151041081
0.00103999447088,11.02688459829147
0.00010427075771,13.17765056044504
0.00062402226101,12.89006224632058
0.00310287706098,8.31459970307829
0.00041230837526,10.06511553602822
0.00715893874424,6.97846222514486
0.01232692499594,7.22076187078666
0.00327675578377,8.95801157454233
0.00000722237042,11.03999513668955
0.00094550953320,10.96379318335619
0.00038860444926,8.44751786155244
0.00000937398934,11.00328954246920
0.00264176151436,8.26342127176150
0.00317829516920,7.24395192821666
0.00159099407647,9.53664898447748
0.00016164175116,11.11393551278765
0.00114770262374,11.86619666228285
0.00074252958234,9.52676628264311
0.00029466402505,12.41914773360306
0.00336033457906,9.19168373796986
0.00342173183929,8.67123202833873
0.00058284859890,10.83439070317023
0.00024400295969,12.66210032789917
0.00023209960440,13.08545631454132
0.00127334416260,10.19298642952108
0.00011368892494,11.17744960182484
0.00062148698376,8.62962464032451
0.00042369528333,8.80846693705814
0.00073171892419,10.46421343194932
0.00015566943893,12.41930308591671
0.00018399941590,12.38655511943115
0.00088879195886,8.01885351701052
0.00022622452871,10.39327174275996
0.01257798236958,7.29717200233360
0.00612011448885,6.90339207014727
0.00210466218034,9.00270661525734
0.00098001453182,10.90410174702252
0.00014070830292,11.22802030957549
0.00704987488666,6.43792241346010
0.00021255747447,8.19891298400505
0.03490022102902,5.30637677564662
0.05240935252912,5.07538837139254
0.01747830389030,7.01397479565482
0.00334646613158,8.96489796700272
0.00610844520282,9.17462399475359
