Sij,Rij
0.00068605183863,8.66853469969268
0.00007662804069,9.37172248320205
0.00125623953553,7.85675155524719
0.00115285586206,9.25370940805029
0.00107290344831,8.28838011651202
0.00155630587571,8.53536711025952
0.00467025876060,6.82098223768089
0.00079545862057,8.06547195795131
0.00007659696944,9.37172159664207
0.00068607011076,8.66853346181342
0.00125623329682,7.85675045496366
0.00115292208399,9.25370831675422
0.00072308787039,9.38610859955515
0.00010586872473,8.68415388762284
0.00168062962106,7.58131786948700
0.00025178908708,8.71479611260579
0.00046609749284,8.51716711616960
0.00006854646209,8.26963477012839
0.00323788761734,7.11813913817994
0.00267630532573,8.63271542356900
0.00111047532496,8.64799052181062
0.00023060480481,8.15336061067144
0.00384199145877,6.97187323306285
0.00196729175345,8.35466831800975
0.00080701630139,9.04751425163135
0.00080708504451,9.04751371247402
0.00198301268662,7.43796239012458
0.00141634684465,8.43049387807954
0.00044529623704,9.01810863163163
0.00044533739677,9.01810866442211
0.00112689785752,7.98967392147105
0.00151778108350,9.51043494806423
0.00006874151413,8.26966786411495
0.00046607103849,8.51719882381915
0.00323745298572,7.11817026095109
0.00267585256954,8.63274647519153
0.00010586338125,8.68414855445690
0.00072317742269,9.38610303838999
0.00168081796181,7.58131271064384
0.00025183247517,8.71479064708472
0.00571653464522,8.10647405594295
0.00386574984021,8.44075436816680
0.01549437451783,6.89243282599924
0.01027261103875,8.36331329422470
0.00023047069122,8.15332565924492
0.00111073635957,8.64795709797354
0.00384267357287,6.97183970338236
0.00196743129736,8.35463442076596
0.00155559918030,8.53545100632247
0.00107268146316,8.28846574020086
0.00466820562056,6.82106758470511
0.00079584886448,8.06555935605164
0.00560820703055,8.28764307192639
0.00588472922418,8.29727172227189
0.02398322641296,6.68785650634773
0.00553837333060,7.97045462187399
0.00419136710080,8.44587384832293
0.00566760280232,8.10195466239982
0.01573270097187,6.88669293291629
0.00982897510038,8.35246220414951
