Sij,Rij
0.00101165130756,5.37473818439575
0.02485718258310,6.67887632087982
0.04575342625011,4.87056723288875
0.04577506764109,4.87026129666496
0.02485718271557,6.67887631631727
0.01245360166547,8.40717354056831
0.02484749570684,6.67915658725026
0.02485717455741,6.67887642997592
0.04575342550538,4.87056723370816
0.02484749549225,6.67915659341540
0.00099402418961,5.37552650395689
0.04575339948545,4.87056739044634
0.04577506834675,4.87026129812950
0.02485717431466,6.67887643566420
0.04575339886258,4.87056738934675
0.00101159782030,5.37473824964036
