Sij,Rij
0.00344388282089,6.39064827005060
0.00095477777717,6.46799775118761
0.00112921834725,7.29647142471935
0.00112939388998,7.29647346479898
0.00984025646056,5.51256446348362
0.01523123912136,5.17340070072374
0.00602138057455,6.07552189323116
0.01268479466719,6.26166994970446
0.00762523090327,6.56770181220825
0.01329664476069,5.09491483922641
0.00062128623187,6.07856398957570
0.00062139210336,6.07856464508145
0.00238239477993,6.52058848419300
0.00506990972491,5.46755516933163
0.00685032268265,6.66953701175157
0.00622231127263,6.12142612101130
0.00733267090483,5.61511864461859
0.05354051099760,4.35589662124349
0.00089496494694,5.37790757964505
0.01775916351002,5.58740315931757
0.00238230261613,6.52058836499192
0.00507005941009,5.46755518688789
0.00622241529622,6.12142295947971
0.00685051205821,6.66953602995694
0.00187657444096,6.43262662514470
0.00020755803286,6.15131092652346
0.00369943175041,7.25500191214309
0.00198655584325,6.75461366121568
0.00385383657572,5.56295566264218
0.02787881085116,4.78122064040254
0.00053471598227,5.63524047511104
0.01948290990229,6.02908616860746
0.00385344331815,5.56297802248615
0.02787679696113,4.78124150090041
0.01948145975828,6.02910728757065
0.00053369808612,5.63526639256888
0.00983885783613,5.51258927931665
0.01523055252432,5.17342181640817
0.01268346337574,6.26169113038307
0.00602149776518,6.07554784240834
0.05768809046337,5.32584846924781
0.01357697869075,4.92966911581397
0.02556379064653,5.96636492475083
0.02474922729084,5.96362753409336
0.00187677959065,6.43262425305465
0.00020740454218,6.15130916354554
0.00198674094402,6.75460787463076
0.00369979546030,7.25499987569313
0.00733298024560,5.61510529849554
0.05354267408806,4.35588255091152
0.01775924941171,5.58738861403454
0.00089476818375,5.37789479464489
0.00337379838086,5.40120293229471
0.11446554466765,4.37066025211182
0.03652815847735,5.35697317523090
0.04116372987429,5.64067466834551
0.00402007283147,5.40194637453603
0.11553435268640,4.36430361807591
0.04051521674504,5.63417361781682
0.03636245815426,5.35318377550394
