Sij,Rij
0.00000254148300,16.65901501021914
0.00004821608960,14.33414952759114
0.00004821592096,14.33414936912266
0.00001840426774,15.45248078130447
0.00000254150258,16.65901550997445
0.00002964277940,15.30017411438972
0.00004821591289,14.33414946136080
0.00027247784767,12.02491300962028
0.00027247776507,12.02491300064074
0.00008702695845,12.94738429466073
0.00004821571297,14.33414975375585
0.00004129165224,13.12729784467795
0.00004821606824,14.33414950779281
0.00027247784265,12.02491291415495
0.00027247776006,12.02491290517541
0.00004129128505,13.12729692961197
0.00004821585732,14.33414988787998
0.00008702670808,12.94738486832721
0.00002964279709,15.30017346546948
0.00004129128632,13.12729697878481
0.00008702695083,12.94738423400956
0.00000435302827,14.07669461516867
0.00001840429221,15.45248115630802
0.00000435294469,14.07669537567981
0.00000254138532,16.65901525860729
0.00004821584928,14.33414998011812
0.00004821569163,14.33414973395752
0.00002964277627,15.30017384291672
0.00000254140490,16.65901575836261
0.00001840435603,15.45248200262897
0.00001840433154,15.45248162762542
0.00008702671573,12.94738492897839
0.00004129165096,13.12729779550513
0.00000435304842,14.07669536718363
0.00002964275856,15.30017449183696
0.00000435296485,14.07669612769477
