Sij,Rij
0.00364441979467,6.83893799409227
0.02009522935187,5.49843513499605
0.00355373934309,7.07744576181364
0.01047685345928,6.03916449154918
0.02009522935361,5.49843513502166
0.06705326437720,4.12818620490113
0.02009517924814,5.49843518573468
0.07715802116712,4.46579223811699
0.00355373934392,7.07744576172872
0.02009517924949,5.49843518562307
0.00364440618202,6.83893809426685
0.01047685634150,6.03916470696007
0.01047685345273,6.03916449153166
0.07715802116899,4.46579223808151
0.01047685633643,6.03916470702423
0.00706895044989,5.24716041452565
