Sij,Rij
0.00028360509242,8.42955313348461
0.00790058253643,6.89644093112203
0.00190256305133,8.23032214777852
0.00441395238756,7.37411597664532
0.00790058253907,6.89644093116599
0.01673163624242,5.54355566552814
0.00790056620050,6.89644097107034
0.02520949232016,5.84896208493206
0.00190256305406,8.23032214784391
0.00790056620507,6.89644097107352
0.00028359970435,8.42955331916444
0.00441394864983,7.37411601487928
0.00441395238862,7.37411597665368
0.02520949232198,5.84896208489573
0.00441394864842,7.37411601482752
0.00524003999154,6.50981709842882
