Sij,Rij
0.00272547427003,6.75311426557779
0.00019341046668,6.75483820628884
0.00085845923211,7.62349826664859
0.00085858848360,7.62350031607194
0.00570336926232,5.93673205419016
0.01089457006441,5.53616969633344
0.00447033061297,6.47174242254047
0.00879287002936,6.64680342306844
0.00492850387215,6.94733405918065
0.01025371602090,5.48794842853393
0.00005697885844,6.49574839530029
0.00005690408279,6.49574912271985
0.00151951644194,6.89585571421387
0.00464463628224,5.82731400838595
0.00502742141213,7.04503650960479
0.00407588059003,6.52852775997197
0.00509487935185,6.04709969079652
0.03463594635592,4.80003869160797
0.00212287698059,5.83736332139817
0.01227352897265,6.03092000882595
0.00151945511938,6.89585548447763
0.00464475030080,5.82731389111393
0.00407595407796,6.52852455827738
0.00502757000691,7.04503557040669
0.00156311760610,6.79932901536005
0.00051017411597,6.45906287216221
0.00284516060912,7.58961831038188
0.00144107881484,7.11280961014310
0.00176009402996,5.99100841993348
0.01905620777859,5.18019835723300
0.00063703998944,6.06767705701171
0.01318099617952,6.43511081161480
0.00175984618760,5.99103163299597
0.01905462046788,5.18022034515030
0.01317984970207,6.43513277948316
0.00063770681049,6.06770368451926
0.00570229710966,5.93675972543660
0.01089404521685,5.53619391989055
0.00879174630258,6.64682747039676
0.00447039134924,6.47177121616472
0.04049407753921,5.76432583731390
0.01305167176659,5.30971781408949
0.02013404007135,6.36988637987943
0.01954094384833,6.36730847111879
0.00156325967649,6.79932648917105
0.00051029798631,6.45906089704395
0.00144120650783,7.11280374174135
0.00284543629407,7.58961620876974
0.00509517075353,6.04708615955218
0.03463749560764,4.80002448738456
0.01227366302224,6.03090526925769
0.00212274099486,5.83735049066640
0.00434791304776,5.84476091392535
0.08662499922128,4.80830117106277
0.02277412790111,5.81382815335042
0.03348951630366,6.07624364535885
0.00482517009353,5.84556271250235
0.08740871522850,4.80262709867969
0.03303920551775,6.07028266038539
0.02263155064978,5.81042929081593
