Sij,Rij
0.00029961429449,11.15931949894782
0.00151607177251,8.89170813573759
0.00151608555225,8.89170825721972
0.00146890653684,9.71642297922050
0.00029960964964,11.15931967964187
0.00148812395069,9.95453402951348
0.00151608672061,8.89170824244998
0.00943616073172,6.69179855495276
0.00943616255987,6.69179844539993
0.00553739209356,7.69587523466314
0.00151607904457,8.89170873336915
0.00590662139297,7.38480453447473
0.00151607239177,8.89170803367230
0.00943615562652,6.69179860088646
0.00943615745597,6.69179849133364
0.00590662540284,7.38480392372380
0.00151606490726,8.89170838322472
0.00553740726150,7.69587615256470
0.00148812089546,9.95453312484340
0.00590662548460,7.38480397385530
0.00553739219383,7.69587520470018
0.00022121480353,8.47188500833884
0.00146890667659,9.71642335520302
0.00022121102810,8.47188577716082
0.00029961686268,11.15932005484661
0.00151606607679,8.89170836845500
0.00151607966452,8.89170863130388
0.00148812060578,9.95453349382903
0.00029961221784,11.15932023554066
0.00146890645531,9.71642395788393
0.00146890631609,9.71642358190142
0.00553740716339,7.69587618252764
0.00590662131177,7.38480448434321
0.00022121833199,8.47188579129530
0.00148812366151,9.95453439849912
0.00022121455603,8.47188656011727
