Sij,Rij
0.00282198386005,8.81438451109521
0.00152940219058,11.26756879044865
0.03726596480368,6.36507746653512
0.00063489266923,8.85053232721686
0.00147381587009,8.85908377453707
0.00021767918359,8.59608838780968
0.00052092649644,10.97983901519683
0.00971922215082,6.29315851302637
0.00344099642323,8.80780938854502
0.00139346457740,8.48919379558025
0.00125786677970,8.66691363297640
0.00051986672321,10.98194163859045
0.00969730304540,6.29483586874084
0.00191418444708,8.45577634535363
0.00291871161264,8.77633995523696
0.00588814448878,8.36807395423662
0.00036281406024,10.73888144525934
0.00790187029243,5.84788442032630
0.00080108810317,8.30132413433289
0.00241612772864,8.28501161423060
0.00034446594610,7.67296099386417
0.00243824456527,10.12351590369212
0.05742019096120,5.22156396907241
0.00294188649644,7.71058302062831
0.00372931390545,7.71956170700289
