Sij,Rij
0.00117410141042,5.07060786177788
0.00886732239068,7.41666258431364
0.00078268167486,5.06434755089142
0.00735579243715,5.11836675333539
0.00140225860383,6.08523601119982
0.00127994559507,6.09180704679123
0.14109203817276,3.84101755282110
0.00248142675515,7.16766529028292
0.00476583274463,8.14607591455775
0.00263562797282,7.47622533846759
0.00047193701941,6.59404770888873
0.00331886676282,6.57048878461424
0.01556023267039,6.12957660986078
0.01057113421011,6.04881760456714
0.00526476617132,6.39236498775295
0.00080966075277,8.25945449287674
0.00556610534717,6.39455140551677
0.00208940304742,6.17351271035671
0.00056374410644,6.68044410638969
0.00058433211532,6.67795888528231
0.00409030463204,5.11786863463948
0.00250239302905,7.45990685526332
0.00514767534484,8.11721664376896
0.00255692616891,7.19111254183614
0.00048181029629,6.57925431704844
0.01579491437366,6.11738003635421
0.00438443888650,6.50418906097145
0.01037911716237,6.04815398679703
0.00257720334596,8.64825905739264
0.00382036978423,9.92254338154451
0.00275665099980,8.65915909081868
0.00147530312897,8.16461527690362
0.00577858530628,8.12471737600930
0.00605589118712,8.11041066029283
0.00910396763599,7.36422178853315
0.00298125955394,6.15325811917324
0.00283353856092,8.60238103866250
0.00781915249591,6.29462458602524
0.00539045552435,6.32789187669503
0.00188648033707,7.27456304537527
0.00190888259205,7.12319177729322
0.01183971714411,5.04306364073608
0.00805280268295,6.30413136182599
0.00267830918429,8.58914954246762
0.00296251193663,6.14467275354756
0.00501953099761,6.31993007734329
0.00187866574177,7.09633634926421
0.00177275905842,7.26774605703109
0.01170135710955,5.04160284033631
