Sij,Rij
0.00200181480313,8.05319956437160
0.00247568281283,7.94449129735134
0.00088196635304,6.98646631166343
0.00486188345185,7.25372219493477
0.00033356782559,10.42463552903709
0.00033179125485,10.42309866893641
0.00241450979185,9.42675967022459
0.00164409594319,9.64954556665875
0.01499034083888,5.54010444650789
0.01494613577703,5.53910440692104
0.06114624127349,4.53019355778803
0.03901300813513,4.75279115701014
0.00041261263072,8.02369073499704
0.00040626479387,8.02214153385443
0.00734575411803,7.05460712667649
0.00278774628590,7.18588010868424
0.00247987744074,7.94637971071640
0.00200934081607,8.05259547137593
0.00091177837803,6.98704120907642
0.00485954806583,7.25406797007854
