Sij,Rij
0.01003213699574,5.02672132410551
0.00487265479467,6.01485678948823
0.00334602668863,4.85810276162467
0.00313548780927,7.12225495499704
0.01097537732271,5.58793269740513
0.10615529687501,3.87967530493624
0.00841487001171,4.64601489792625
0.00310013427659,7.47192069590669
0.00121409497804,8.39469441307005
0.00272783736337,7.00854357780890
0.00008185914691,8.85859140792937
0.00382473579152,6.99588999998083
0.00394785669621,6.25778182199869
0.00415434815339,6.55030016370888
0.00360600212247,6.42294668504996
0.00337721597089,7.38210708796482
0.00360929216759,6.19956633643583
0.00134421189604,8.37796053851137
0.00259933651641,6.65638802777945
0.01083310560383,5.24405630657846
0.00295501986829,5.88112052076747
0.00259290953283,7.50572728144235
0.00141417845181,9.23128742631213
0.00248387967995,7.51924930778756
0.00081417392456,9.75168888369693
0.00050557034687,8.21245719303375
0.00362847188391,6.45560670039364
0.00271939170494,6.79946640526784
0.00228386888286,8.75689586920613
0.00144443810712,9.68001961330262
0.00225993484344,8.48240720504186
0.00039486959766,10.53268306569288
0.00105441896343,8.65549068334052
0.00942984483864,7.56848712480447
0.00154591212624,8.07006216964757
0.00341792733974,6.17190996887205
0.00296053390133,6.60941510326067
0.00350217518323,5.83187313116608
0.00395810387694,7.90569760681687
0.00773927939847,6.14492885128264
0.00726973436609,4.99760214388635
0.00759297323241,5.78096883005897
0.00321531423299,6.17173876250820
0.00294764414868,7.07281811821857
0.00583434109422,6.08970566540320
0.00390354477682,8.34219913025835
0.00954561906449,6.76498519933915
0.01427062633087,5.08958585345336
0.00794294428462,5.88826906716795
