Sij,Rij
0.00006357898831,6.52679140026811
0.00828768992901,5.20228398163098
0.00079014848402,6.25266565588508
0.00823830524518,6.40208623554330
0.00738728967859,8.36947173375306
0.00013013683254,6.86899383599488
0.00491687910729,7.60546755689981
0.00245228305136,7.68538206251958
0.00133876112215,6.52741738521830
0.00657248452060,5.16837189069975
0.00840546382407,6.34676699111007
0.00203535842941,6.20766518365733
0.00838729780679,6.29725144714952
0.00786999582736,4.81043817475350
0.00009535740860,5.76197362306003
0.00210535646835,5.81124242134574
0.01038731553545,6.77533613188729
0.01159353587448,5.31573539747632
0.00169715708872,5.96951663406024
0.00933291866846,5.88139762716189
0.00874041559502,6.76617711537995
0.01089140590195,5.34828188062045
0.01181474302148,5.83579923414996
0.00359147244585,6.12481793940347
0.00712519072856,5.25147580445156
0.13545441180275,3.86695786781709
0.00991929944935,4.99031991057572
0.01074676822860,5.00418572118259
