Sij,Rij
0.00342457597092,7.03817528434100
0.00057438131201,7.96438229316129
0.00162266355701,7.08245305597018
0.00062439153114,9.36441714881610
0.00081276921021,7.85494744184814
0.01155241677819,6.04328081693784
0.00262563388703,6.87415834334005
0.00027185907318,7.71135519240641
0.00214661288567,6.78421298605145
0.00090821753300,6.97896210561694
0.00390762272484,8.45959556044443
0.01073954802719,6.47340249755848
0.00236113423907,6.56451652965765
0.00161550900394,7.37452568459640
0.00000452835310,5.26600896947054
0.00392737466637,6.23822582431621
0.00519159634706,5.32012918073949
0.00423114214842,7.62552429900068
0.00472486293943,6.29554621592816
0.08276998335549,4.30036840825663
0.00494431547505,5.19639263097680
0.00326528494752,6.74576760271439
0.00062724113077,6.81458565769221
0.00158754075251,6.51794479039595
0.00089762721843,8.51963487169439
0.00020336559764,6.93297832204847
0.00347565287936,5.73675188054514
0.00285163551779,6.66891023284186
0.00103671776187,7.18767899487899
0.02012133241059,5.98844983187995
0.00007948371987,6.63334569456547
0.00716817944276,8.04832039464381
0.00643678565483,6.48112512537723
0.00488512000895,6.28890530145060
0.00135632056338,7.23434763505591
0.00151210689475,8.86677377522561
0.00585328434757,8.13096903058151
0.00097932837595,8.42347103481093
0.00297402308174,10.05858124550640
0.00506697984483,8.31317375576719
0.00519697258129,7.86118891940622
0.00212745348091,8.79220129754218
0.00357146503033,6.50189466944977
0.00183963732429,7.27022905009819
0.00284125312490,6.64966073128439
0.00149285224394,8.88428837558354
0.00272538984587,7.59944402418246
0.00780807191555,5.66592250056335
0.00767541825326,6.60594288841736
