Sij,Rij
0.00335537766606,6.38951533476667
0.00336216959058,6.38905487306504
0.00439140254433,6.04696564352331
0.00936995091504,5.34063063237956
0.00508018745858,5.02513984078982
0.00505146047395,5.02463084660349
0.00143786222124,4.80186390856908
0.09724111870441,3.99606898808494
0.00429224036102,6.06810053453728
0.00510461579170,6.19039373272683
0.00800101414976,5.97466162108990
0.01061156596283,5.14116723492926
0.00510313235655,6.19089975135366
0.00429123551537,6.06743413649103
0.00799174051267,5.97452653542763
0.01061110802134,5.14113610786009
