Sij,Rij
0.00096575659742,7.48483273787378
0.00363021242385,6.22277933842525
0.00166631653821,7.17371268903094
0.00282438739108,7.44647383463892
0.00589517111120,6.89999408892321
0.01960699875327,5.48749782378790
0.00656900488094,6.53665974375944
0.00631682802018,6.22414126890534
0.00589518233877,6.89999462393495
0.01960693780765,5.48749859601067
0.00631688487686,6.22414035173566
0.00656901878071,6.53666000979843
0.00081516362393,7.38157964259610
0.04508495585035,5.94353629879784
0.00043316835653,6.99392966452754
0.00043308531275,6.99393055365690
0.00096575287822,7.48483263650623
0.00363022438809,6.22277907249487
0.00282437904174,7.44647334477033
0.00166633389696,7.17371458993286
0.00651042247746,6.24655837553374
0.07306634322358,4.83735879766229
0.00550234391866,5.92934654339881
0.00550249278892,5.92934755084536
