Sij,Rij
0.00352731201807,6.38441692849340
0.00352730684257,6.38441707471854
0.00451089799758,6.10392445071295
0.01012550486469,5.35271312550056
0.00375540038830,4.99343464175135
0.00375534410271,4.99343464155748
0.00226479872295,4.82412982807451
0.09812997057747,3.98613834468554
0.00436098702239,6.02017385539037
0.00528122902071,6.14407650749680
0.00779897393259,5.98884183151516
0.01006955396950,5.12271525686845
0.00528120349676,6.14407713071581
0.00436097035244,6.02017527039640
0.00779900233321,5.98884315150635
0.01006976154827,5.12271643862248
