Sij,Rij
0.00243152935007,7.51007079964564
0.00274058990265,6.31249657191470
0.02435237664040,5.80533552326882
0.00499829271680,7.84771914736246
0.00184063867871,6.52857396384737
0.00620611964171,7.90918269318913
0.01980645632591,5.88762957985455
0.00073254156463,9.54406118630480
0.01222169185356,7.75792469160790
0.01111746629350,7.63577311092226
0.00073255795840,9.54406127921271
0.00206474185116,8.37475509924757
0.00506114280816,9.64256527365433
0.01222167656802,7.75792464906471
0.00146554276171,8.56954222429214
0.01655649014303,6.00873893151614
0.00543297742703,6.90272122710000
0.00146552519151,8.56954220156112
0.00421463680424,7.01913477825744
0.00872871600819,7.86764051642685
0.01655648381443,6.00873896909498
0.00499827405141,7.84771942117208
0.01980644642902,5.88762993307253
0.02435236508833,5.80533570972774
0.00243155529031,7.51007107672697
0.00184063979281,6.52857428743830
0.00620609705820,7.90918300987563
0.00274057407353,6.31249714284606
