Sij,Rij
0.00246002924250,10.02155030757561
0.01635756614179,6.01877135791092
0.00246619766999,10.02208340573499
0.00001251108191,9.75974181661013
0.01034058379926,7.92631677965912
0.01639571249988,6.01790783139564
0.00003457835963,6.43455624307393
0.00090492769397,11.69177485018154
0.01046602004402,7.84200758066039
0.00090492854756,11.69177458238016
0.00090493197938,11.69177460311796
0.00667681711839,9.67458448773858
0.01046602723234,7.84200752665139
0.01046601730298,7.84200761024531
0.00001252273567,9.75974224943701
0.00003458788043,6.43455634445830
0.00246002584629,10.02155021122828
0.00246619835887,10.02208359342249
0.01034057418157,7.92631693730455
0.01635756609559,6.01877142860168
0.01639570309956,6.01790813705493
0.00246619169918,10.02208364638900
0.01639570895459,6.01790790947261
0.00001252501708,9.75974182288323
0.00246002418466,10.02155002882435
0.01034057951911,7.92631673886305
0.00003457191471,6.43455615541551
0.01635757330291,6.01877133719243
