Sij,Rij
0.00010372624443,8.12489053407408
0.00547567756412,6.74529290677417
0.00089979906381,8.38620791569647
0.00235854411213,8.15400371926573
0.00598001999618,7.62401921819672
0.01353460585566,5.90271688635120
0.00209088603537,7.33574072220696
0.00543636668791,6.78503064795764
0.00089979015356,8.38620768336047
0.00547563524005,6.74529309150234
0.00010372954198,8.12489139516661
0.00235854860060,8.15400404804619
0.00520878644483,6.95982082279898
0.05836342434259,5.32788996894210
0.00520883872958,6.95982124022003
0.00118970684474,6.58841296157046
0.00209088555355,7.33573977479508
0.01353468935820,5.90271648106765
0.00598003761489,7.62401906229060
0.00543637310265,6.78502998606967
0.00177183312790,8.10255883835614
0.04067632320610,6.47333515846155
0.00177186622391,8.10255937781453
0.00483306287761,7.68561855253326
