Sij,Rij
0.00617278586408,7.12551544631538
0.00617278192675,7.12551548415808
0.00010162320311,7.48463970368275
0.00441813262375,8.97000826236801
0.00617278807889,7.12551508543800
0.00010163803769,7.48463911546492
0.00617279454206,7.12551511848114
0.00441813619781,8.97000777655973
0.00010162470642,7.48463945570082
0.00617278995142,7.12551538506975
0.00617277729743,7.12551576856970
0.00441813176830,8.97000828629472
0.00441813511609,8.97000802946163
0.00441813915177,8.97000805306542
0.00441812756559,8.97000815814957
0.00342545136452,10.74225187633185
