Sij,Rij
0.00030408470263,6.60918115312810
0.01420007439914,6.19954914136127
0.01420004693323,6.19954972975156
0.00933652043876,8.03667808276507
0.01420007352829,6.19954913593790
0.00030412166203,6.60918017266127
0.01420006487334,6.19954925990025
0.00933654698247,8.03667771616477
0.01420004675549,6.19954973123525
0.01420006507417,6.19954925843422
0.00030406700180,6.60918098229431
0.00933652440759,8.03667817397488
0.00933652062954,8.03667807745493
0.00933654697163,8.03667771455340
0.00933652460195,8.03667817098335
0.00644758019766,9.79738882717093
