Sij,Rij
0.00005335350720,8.19611235477302
0.00322643035308,7.86952323672589
0.00322642640236,7.86952352105342
0.00242193599367,9.71827714482673
0.00322643036828,7.86952323768662
0.00005335769742,8.19611196546686
0.00322642846746,7.86952333848590
0.00242193868090,9.71827699777602
0.00322642637797,7.86952352145657
0.00322642851129,7.86952333725030
0.00005334981454,8.19611238027086
0.00242193587745,9.71827722565952
0.00242193598901,9.71827714543475
0.00242193877147,9.71827699718130
0.00242193578814,9.71827722596832
0.00199186948502,11.49814233922059
