Sij,Rij
0.00072470999443,7.60531483099252
0.00072470434139,7.60531527227285
0.00290488805260,8.60064131501793
0.00410038104873,6.31594887928874
0.00212597188646,8.28216709794720
0.00212596593978,8.28216728399215
0.00306715031006,7.24320882132016
0.00403508502900,6.31594871243852
0.00396012844386,7.21183046385023
0.00657761029735,7.56934749948191
0.00031855852364,6.83564022244534
0.02452302672941,5.35575898755290
0.00212597484829,8.28216732991618
0.00306714210701,7.24320913997867
0.00212597262758,8.28216714859625
0.00403511383429,6.31594880336178
0.00306715260117,7.24320889299182
0.00212597574991,8.28216746038260
0.00212597588571,8.28216710271779
0.00403510105354,6.31594897175450
0.00657758560641,7.56934800043830
0.00396013189980,7.21183105511744
0.00031855208515,6.83564049955826
0.02452296934537,5.35575951958941
0.00290487843598,8.60064148614148
0.00072471014586,7.60531497783566
0.00072470842013,7.60531492531124
0.00410035433519,6.31594872390786
0.00031854850614,6.83564045980343
0.00657759893144,7.56934798508857
0.00396012240669,7.21183062177042
0.02452296255956,5.35575944719618
0.00031855396273,6.83564029057002
0.00396014069260,7.21183067643320
0.00657759384893,7.56934713868922
0.02452299557038,5.35575897274822
0.00657759304567,7.56934732655395
0.00031856888054,6.83564048087523
0.00396013794803,7.21183037528310
0.02452302459774,5.35575886078331
0.00444290054259,6.97051765420623
0.01446120180559,6.82916067627123
0.02616160692871,7.38560409517175
0.07083155800651,5.15731403956910
0.00396011622662,7.21183090959405
0.00031856285475,6.83564074229517
0.00657759424133,7.56934775544448
0.02452296299644,5.35575947288799
0.00072472134606,7.60531491913421
0.00290488211388,8.60064160237070
0.00072471762607,7.60531473514667
0.00410031854019,6.31594890261030
0.02616158645653,7.38560369088086
0.00444287421354,6.97051768502461
0.01446124740452,6.82916010036411
0.07083146511302,5.15731354799019
0.01446125634941,6.82916036264198
0.02616162399252,7.38560392085005
0.00444290849276,6.97051711314661
0.07083144755349,5.15731364068191
