Sij,Rij
0.01980994770089,5.83086053831429
0.01980994018638,5.83086036571765
0.00044761561219,6.26464624735940
0.01246511391214,7.66413701497537
0.01980990890683,5.83086123202412
0.00044759834332,6.26464649720702
0.01980992402720,5.83086114286638
0.01246508726062,7.66413763457460
0.00044760120560,6.26464672064415
0.01980994066467,5.83086064212617
0.01980991986018,5.83086100838352
0.01246509048835,7.66413736982516
0.01246508314938,7.66413752396328
0.01246510027422,7.66413723156252
0.01246509338521,7.66413759939736
0.00806149730864,9.41944377462655
