Sij,Rij
0.00341615639633,8.27658367551319
0.01163952545488,6.07915043733963
0.00087563660271,7.62817823755965
0.00209488233801,7.89488658436952
0.00134854466968,7.96893440889306
0.00318973878282,6.92502370658840
0.00118577078420,8.84375975852994
0.00139982099733,8.95993629696350
0.00209486654087,7.89488758466777
0.01163950995384,6.07915137024182
0.00341614688626,8.27658485502930
0.00087565955583,7.62817912374825
0.00118577674892,8.84375962766388
0.00318974987433,6.92502345897672
0.00139981361648,8.95993656186297
0.00134853897799,7.96893457418296
0.00000598275561,8.35374510252846
0.00321876807878,6.92500342309627
0.00039227413131,8.22901967761886
0.00173814584215,9.19202647619969
0.00087564815252,7.62817868711947
0.01163951008101,6.07915098561583
0.00209487332089,7.89488732834249
0.00341615541869,8.27658388173729
0.00173811956158,9.19202724575411
0.00321870238865,6.92500370389943
0.00000598932307,8.35374580139956
0.00039226061380,8.22902027463117
0.00063653904213,7.58370874705397
0.01163107004870,6.07921315756185
0.00329666018142,8.23561654689377
0.00242853854845,7.98030074923248
0.00329666764123,8.23561523322914
0.01163108212043,6.07921202003459
0.00242853677874,7.98030006708316
0.00063653579353,7.58370799166742
0.00139982396575,8.95993603891514
0.00318980135068,6.92502328899946
0.00134854703462,7.96893404088279
0.00118578728465,8.84375916453239
0.01555866020405,8.08932790993371
0.04165489574467,5.90836400113591
0.00703251786161,7.58679481251638
0.00036788051303,7.73843740034783
0.00039228379017,8.22901936737410
0.00321871481715,6.92500306036708
0.00173814216155,9.19202681527124
0.00000598922008,8.35374489816262
0.00242852865154,7.98030057600936
0.01163106806399,6.07921281172146
0.00063654653658,7.58370879171397
0.00329666698776,8.23561571134047
0.00703250822963,7.58679444917705
0.04165492805786,5.90836401329224
0.00036790108721,7.73843734892103
0.01555869147882,8.08932775870001
0.00036790635877,7.73843681687313
0.04165495186097,5.90836341122984
0.01555865527871,8.08932762751892
0.00703249294522,7.58679384448285
