Sij,Rij
0.00409341521238,6.31967851733381
0.00409341107598,6.31967869040728
0.00487411540837,6.10876414036231
0.00916328975734,5.30905588881840
0.00148254805838,4.93720711465005
0.00148249233739,4.93720713121313
0.00791031044771,4.84188763713868
0.10033195298487,3.96183056975896
0.00441427056085,5.96771727468334
0.00566927534739,6.09263405940269
0.00726606757513,6.00892169685440
0.01101018875890,5.10705870797584
0.00566925551763,6.09263466450376
0.00441424846212,5.96771866234192
0.00726608274833,6.00892297491013
0.01101039564353,5.10705987581980
