Sij,Rij
0.00136136972869,9.80593886407113
0.00554348038467,7.57200444752508
0.00554343756285,7.57200421601969
0.00314061949632,8.60495434491802
0.00136137424175,9.80593944259730
0.00479468116286,8.32834885979578
0.00554343597034,7.57200432214163
0.02779137458577,5.44974259398500
0.02779135983450,5.44974266944097
0.01983722967293,6.01120535606802
0.00554341518982,7.57200452536817
0.01461022669158,6.38950454115171
0.00554347717680,7.57200447858221
0.02779138066876,5.44974247854351
0.02779136591749,5.44974255399947
0.01461017842480,6.38950353908328
0.00554345639432,7.57200484775547
0.01983721295378,6.01120583118024
0.00479468482425,8.32834827887960
0.01461017733520,6.38950355892042
0.01983722925984,6.01120531177781
0.00095012370971,7.07473175151711
0.00314061963377,8.60495471009124
0.00095013667873,7.07473254517300
0.00136135488532,9.80593901555601
0.00554345480083,7.57200495387739
0.00554341198098,7.57200455642528
0.00479468388152,8.32834865381047
0.00136135939839,9.80593959408219
0.00314063090459,8.60495563826496
0.00314063076556,8.60495527309173
0.01983721336774,6.01120587547048
0.01461022778269,6.38950452131459
0.00095011611247,7.07473252823626
0.00479468021846,8.32834923472664
0.00095012908145,7.07473332189213
