Sij,Rij
0.00156648142894,7.51251521943773
0.00044384613987,7.38366601094729
0.00040058670101,8.31752254163685
0.00040052746797,8.31752467597335
0.00179101802517,6.80166539432290
0.00515775061495,6.30272877125531
0.00393927001738,7.44499598816666
0.00219476589905,7.28913404822003
0.00189794856115,7.73511086198563
0.00563085347814,6.30407956482788
0.00031592882921,7.34788161469100
0.00031598030609,7.34788233058249
0.00051624897794,7.67641323154855
0.00315535572244,6.58706592892912
0.00174061617178,7.36384805084246
0.00246081710956,7.82541711156223
0.00229212795319,6.92445927818927
0.01392949830735,5.69898636918786
0.00546800803899,6.92696441665871
0.00186285588061,6.75911847463985
0.00051620040266,7.67641135776429
0.00315540510902,6.58706387762508
0.00246091077256,7.82541549882798
0.00174063427601,7.36384869335081
0.00097197187323,7.56572847121511
0.00092299764075,7.12644500147683
0.00076481752006,7.86330127609576
0.00147852015254,8.29709627301055
0.00018315128418,6.86211289021788
0.00838583935183,6.00734696378591
0.00571224970854,7.26891882055784
0.00092349028007,6.94573822064355
0.00018304509758,6.86213752988654
0.00838500151308,6.00737096156899
0.00092369583972,6.94576054238513
0.00571164566641,7.26894333466615
0.00179055374337,6.80169150983859
0.00515740541574,6.30275261979635
0.00219468415966,7.28915659608281
0.00393875700363,7.44502187103153
0.01918290953850,6.65266921854043
0.00936924383265,6.10581826746489
0.01138668202247,7.19746826787405
0.01168246117590,7.19971445534470
0.00097203732645,7.56572449676622
0.00092306793999,7.12644134719419
0.00147865689235,8.29709221346560
0.00076485931960,7.86330071147455
0.00229231235340,6.92444628775356
0.01393028617102,5.69897292813632
0.00186275433179,6.75910274485928
0.00546817804310,6.92695164901279
0.00394586681108,6.74112919225735
0.04604327245659,5.69720716983603
0.02004467078836,6.95929325390857
0.00847605578480,6.73141376697668
0.00418802805012,6.74200250294021
0.04642723054014,5.69272413235771
0.00838863443495,6.72871342888328
0.01983691372614,6.95436167622720
