Sij,Rij
0.00147904179317,7.81533576063865
0.00022732095228,8.58866480266164
0.00178913393698,7.11741761068354
0.00231515581722,8.48925800810810
0.00233094969326,7.31946438230675
0.00390835368960,7.59801327975373
0.01294797030390,5.86482835057888
0.00166217989896,7.10137530250763
0.00022725758339,8.58866393173039
0.00147907827326,7.81533457700413
0.00178909404102,7.11741655897128
0.00231527966901,8.48925695483966
0.00172764495087,8.54238495677374
0.00035812826982,7.76452415889653
0.00302796997648,6.73370568221849
0.00049518072285,7.83079550900621
0.00089121771445,7.64650385879764
0.00022577016547,7.36978589828119
0.00759783393484,6.29189148492207
0.00601820053312,7.80711497346800
0.00265045313882,7.75809674976305
0.00000627715244,7.20261162767941
0.00974276640532,6.08279944439673
0.00456841745740,7.46332291321375
0.00193439884439,8.13659487243525
0.00193454305580,8.13659431272843
0.00410026832712,6.53169526124770
0.00326196841315,7.47798544370275
0.00083528789906,8.23388881016824
0.00083537486913,8.23388888586141
0.00148715019005,7.30059200913958
0.00284113121027,8.79882941546851
0.00022535887323,7.36981764122571
0.00089118624999,7.64653406449733
0.00759711628662,6.29192063887298
0.00601740317143,7.80714427046378
0.00035812167394,7.76451915477975
0.00172780558864,8.54237979553165
0.00302841623334,6.73370097461951
0.00049525335954,7.83079041701648
0.01272692514473,7.16688090356605
0.00738832518168,7.54302899408292
0.02902834820388,6.01231982513005
0.01822830474521,7.48956722445248
0.00000659994622,7.20257681727795
0.00265095913469,7.75806399044712
0.00974414831727,6.08276669855122
0.00456863611657,7.46328960015220
0.00390705021724,7.59809421826906
0.00233064430709,7.31954761622069
0.01294365410662,5.86491095866196
0.00166302444034,7.10146040130192
0.00995070805027,7.32185890942995
0.01051917621942,7.33253493910386
0.05229851021375,5.71344652903556
0.01175163051349,6.99653081984124
0.00802776774685,7.54732577204707
0.01265635536864,7.16048603814909
0.02966871783856,6.00421934455568
0.01740398438916,7.47636656042673
