Sij,Rij
0.00145707800343,7.04007057831911
0.00145707606505,7.04007075282514
0.00288624004396,6.84600862115616
0.00563548647302,6.04048783514046
0.00215360181728,5.66454776157402
0.00215357520886,5.66454779983778
0.00636634866135,5.57508212268190
0.05389895345458,4.69939893856659
0.00238654698995,6.70467768735624
0.00224399568983,6.81610177977763
0.00284907557197,6.73593133223116
0.00766988662293,5.83937186146472
0.00224398286217,6.81610242541225
0.00238653953319,6.70467906921557
0.00284907697103,6.73593259837519
0.00767000200947,5.83937302824898
