Sij,Rij
0.00338410146418,7.81031749143716
0.01970204807970,5.67009748649806
0.01970186395889,5.67009702494783
0.02391824550830,6.26064993776744
0.00338410007487,7.81031808578633
0.00206374507289,6.62416823351796
0.01970204807897,5.67009748658625
0.10649302242780,3.80585998200437
0.10649286348089,3.80586040005005
0.04760196943640,4.54205175537807
0.01970194972256,5.67009765916618
0.11848092504191,3.99237666590882
0.01970186396046,5.67009702494776
0.10649286348998,3.80586039991855
0.10649290214540,3.80586028034073
0.11848099088004,3.99237623894369
0.01970172741035,5.67009733613886
0.04760220716155,4.54205280749936
0.02391824550724,6.26064993779556
0.04760196942346,4.54205175530674
0.11848099090539,3.99237623898789
0.00183025816268,4.98757539735904
0.00206372647491,6.62416761259749
0.00183035115387,4.98757620198651
0.00338410007537,7.81031808585031
0.01970194972216,5.67009765916611
0.01970172741051,5.67009733622706
0.00206372647426,6.62416761264635
0.00338410580008,7.81031874041710
0.02391819436506,6.26065083829732
0.00206374507681,6.62416823356681
0.11848092505226,3.99237666586462
0.04760220718706,4.54205280757070
0.00183035114448,4.98757620201609
0.02391819436533,6.26065083826920
0.00183023966396,4.98757698850356
