Sij,Rij
0.00022731939387,8.58866448419135
0.00147903586109,7.81533535796027
0.00178914837750,7.11741668045774
0.00231515440601,8.48925688551336
0.00390837077449,7.59801273118027
0.00233094477737,7.31946290709838
0.01294804447040,5.86482737433589
0.00166218283502,7.10137371130656
0.00147907772496,7.81533429221016
0.00022725922210,8.58866334167244
0.00178909675328,7.11741576698192
0.00231528226509,8.48925586821491
0.00035812755316,7.76452549457375
0.00172764730347,8.54238558030941
0.00302796333878,6.73370679633367
0.00049518608337,7.83079599926406
0.00022577784064,7.36978602890421
0.00089122735508,7.64650356524942
0.00759785209648,6.29189098003040
0.00601820637796,7.80711415649275
0.00000627422437,7.20261277150972
0.00265045170520,7.75809732536728
0.00974273155593,6.08280024449181
0.00456840272230,7.46332327916927
0.00193454778143,8.13659426299308
0.00193440270748,8.13659382476268
0.00410026320362,6.53169501014945
0.00326198596897,7.47798434094202
0.00083537609600,8.23388905757659
0.00083528682322,8.23388904457886
0.00148715725715,7.30059152692846
0.00284114179961,8.79882878295506
0.00089117903030,7.64653506644146
0.00022535129879,7.36981854078000
0.00759709469240,6.29192110600950
0.00601738735406,7.80714445161450
0.00172781560340,8.54238099190643
0.00035813072995,7.76451959187560
0.00302838792385,6.73370173075383
0.00049527055286,7.83079063471586
0.00738212363772,7.54298709919196
0.01272742602234,7.16694566172139
0.02902222901016,6.01239760626808
0.01823606084123,7.48969288352190
0.00265095495932,7.75806493066842
0.00000659922486,7.20257741525391
0.00974413633386,6.08276719758614
0.00456863759096,7.46328975678106
0.00233063587566,7.31954898464271
0.00390704013163,7.59809485803423
0.01294359489077,5.86491208398476
0.00166303121390,7.10146092286875
0.01052451640372,7.33263669616949
0.00994514544664,7.32175513010853
0.05229844953682,5.71344774963233
0.01175145948872,6.99653324109877
0.01265548700149,7.16042960951665
0.00803385837469,7.54736690163988
0.02967489525586,6.00414312625991
0.01739594541004,7.47624042899433
