Sij,Rij
0.01003606960865,5.60376321380780
0.01003612051847,5.60376371648309
0.00872486316790,5.37161513751004
0.01249549962564,4.57960044034691
0.00357113037313,4.21343198578208
0.00357116851074,4.21343254257521
0.00536747433034,4.11026711042144
0.18366544046534,3.22427312257523
0.01278613516911,5.37300832852201
0.00918104904556,5.23093517876852
0.01646858766420,5.28484565851705
0.01263448154388,4.37651899377088
0.00918103928426,5.23093617710249
0.01278608892575,5.37300931239900
0.01646864350818,5.28484695676239
0.01263482659527,4.37652010031269
