Sij,Rij
0.00225357179574,9.13512798899988
0.00944553378113,6.92479306619311
0.00944546785387,6.92479267316212
0.00861654095568,7.63667188524615
0.00225357526806,9.13512855513114
0.00394501713664,7.93741939563117
0.00944553376823,6.92479306619311
0.04599214179987,4.86215725266794
0.04599208184056,4.86215755842446
0.02264529825604,5.75382511313059
0.00944550293310,6.92479328402016
0.03688409262231,5.33060435251053
0.00944546784211,6.92479267316212
0.04599208187184,4.86215755842446
0.04599209273711,4.86215744335547
0.03688412095318,5.33060382219799
0.00944542137709,6.92479300448553
0.02264538712681,5.75382610256987
0.00861654095204,7.63667188524615
0.02264529825459,5.75382511313059
0.03688412093937,5.33060382219799
0.00132988726339,6.37749511684532
0.00394500008720,7.93741881587228
0.00132984197635,6.37749590577828
0.00225357527155,9.13512855513114
0.00944550291402,6.92479328402016
0.00944542136289,6.92479300448553
0.00394500009435,7.93741881587228
0.00225358218537,9.13512917274704
0.00861652928587,7.63667282615638
0.00394501714103,7.93741939563117
0.03688409263162,5.33060435251053
0.02264538712679,5.75382610256987
0.00132984197733,6.37749590577828
0.00861652928758,7.63667282615638
0.00132987086118,6.37749668052469
