Sij,Rij
0.00070586025858,4.77394869990653
0.03810187560601,5.99151485388399
0.08118620572803,4.19817667882383
0.08121972932606,4.19788286617730
0.03810187588628,5.99151484886794
0.01370645551544,7.70451257208195
0.03808828400918,5.99178443165154
0.03810186427261,5.99151496069374
0.08118620578386,4.19817667991856
0.03808828371040,5.99178443778811
0.00067818143624,4.77472869077758
0.08118615733153,4.19817683939657
0.08121972907400,4.19788286617417
0.03810186393946,5.99151496584021
0.08118615741205,4.19817683859229
0.00070576347185,4.77394873449304
