Sij,Rij
0.00085345937125,8.30729697612939
0.00049894323426,8.07150412166875
0.00011024034763,9.05453537219254
0.00011027396467,9.05453742447832
0.00054417416758,7.68247890719012
0.00221000450410,7.10911936921066
0.00089916725381,8.13138358469031
0.00156663644084,8.27139352521952
0.00060811927439,8.55209827851491
0.00289035631146,7.14879164334300
0.00014215667404,8.21753835321945
0.00014213762766,8.21753928853286
0.00007671106078,8.48774357010227
0.00184506530205,7.38655959602170
0.00104237976316,8.63607309457178
0.00078649974238,8.22015207580334
0.00092273745465,7.81465530360718
0.00535499999724,6.60730679151860
0.00092113128226,7.68352051230875
0.00219115956506,7.83158214946480
0.00007669769737,8.48774307237590
0.00184509905153,7.38655914497294
0.00078651412168,8.22014885209031
0.00104242394298,8.63607236575331
0.00057548828675,8.36597849765832
0.00076591290364,7.84811589463420
0.00063670559786,9.04551166398353
0.00043653518202,8.64933764898694
0.00006236619572,7.74757976929367
0.00342840261915,6.86163049918962
0.00048129600628,7.83643856702152
0.00226282613305,8.12426746007754
0.00006239657229,7.74760262838603
0.00342798619611,6.86165283670851
0.00226250576133,8.12428914732933
0.00048140027851,7.83646438434406
0.00054394728747,7.68250608890393
0.00220982676367,7.10914472069700
0.00156633669627,8.27141784268618
0.00089914400083,8.13141230847288
0.00905295371942,7.55172731895400
0.00555475178856,6.93606120652156
0.00624163304061,8.05212654046503
0.00609275268522,8.05010017897289
0.00057551849621,8.36597556842448
0.00076595187084,7.84811333017324
0.00043656208608,8.64933163465932
0.00063678279698,9.04550941840943
0.00092283310229,7.81464155586779
0.00535539788526,6.60729255429002
0.00219122786555,7.83156715717819
0.00092113323463,7.68350782281348
0.00251612389999,7.64619220204431
0.02290106005167,6.59827986668523
0.00339434717774,7.65269395207597
0.01081904186344,7.85390164488069
0.00263852669473,7.64713886289386
0.02308467580710,6.59456267761841
0.01071866754973,7.84964733500805
0.00334583607780,7.65046562823327
