Sij,Rij
0.00002612589783,13.20972967165408
0.00020630278808,10.91141154786582
0.00020630033272,10.91141126990006
0.00032702942454,11.80617209158493
0.00002612527635,13.20973018370353
0.00034419316715,12.00289859758162
0.00020630278822,10.91141154791165
0.00207916743381,8.64907303949441
0.00207916504603,8.64907317535397
0.00107545812935,9.70737831449684
0.00020630189224,10.91141183206591
0.00120288902639,9.46266554305659
0.00020630033243,10.91141126990002
0.00207916504252,8.64907317529611
0.00207916536570,8.64907307458467
0.00120288972794,9.46266488858104
0.00020629872530,10.91141162608335
0.00107546102401,9.70737918345843
0.00032702942448,11.80617209159985
0.00107545812965,9.70737831446346
0.00120288972844,9.46266488859968
0.00002748470383,10.57165707393667
0.00034419286826,12.00289809240232
0.00002748689151,10.57165783877927
0.00002612527644,13.20973018374136
0.00020630189184,10.91141183206587
0.00020629872514,10.91141162612918
0.00034419286818,12.00289809242928
0.00002612447115,13.20973073139479
0.00032702961731,11.80617309380603
0.00034419316705,12.00289859760858
0.00120288902640,9.46266554303795
0.00107546102437,9.70737918349180
0.00002748689149,10.57165783879323
0.00032702961743,11.80617309379112
0.00002748619101,10.57165859507760
