Sij,Rij
0.01425113456825,6.19283909783516
0.03100725670953,4.57381916939429
0.00487498682676,5.91879150168622
0.01483569192978,5.17428535869281
0.03100725626175,4.57381916962617
0.15542961981396,3.18668604056249
0.03100715634419,4.57381924294159
0.15614923402194,3.55963961971288
0.00487498676812,5.91879150155147
0.03100715642413,4.57381924262523
0.01425115250122,6.19283936989523
0.01483568248964,5.17428542461072
0.01483569199080,5.17428535723764
0.15614923517214,3.55963961507077
0.01483568267291,5.17428542326698
0.00245206563400,4.45815137027036
