Sij,Rij
0.00329560738571,8.40245432792717
0.00439330728645,6.14417624885029
0.00137483021716,7.33652775912734
0.00048948727670,7.47615781363495
0.00384821224776,6.95938066635336
0.02848973096051,5.17176286858624
0.00028303258195,6.65528708166361
0.00770900063131,7.38955871066134
0.00048949276888,7.47615762709350
0.00439332711324,6.14417591862434
0.00329561731759,8.40245368174778
0.00137483565899,7.33652714602855
0.00363437921789,7.04355961408112
0.00432200457013,6.14419342943521
0.00261106009980,8.14790026389778
0.00215458168136,8.01996834542884
0.00481917593216,7.05611260052053
0.02846980256191,5.17181758659216
0.00735759352540,7.34362961222433
0.00042408003284,6.60425293234840
0.00028301384932,6.65528589942431
0.02848987059456,5.17176188656134
0.00770904160610,7.38955792593096
0.00384821332081,6.95937908303724
0.00137483958960,7.33652728153530
0.00439329732543,6.14417557329172
0.00048949563826,7.47615777423243
0.00329562107875,8.40245332518936
0.00735755096557,7.34363045860921
0.02846968010317,5.17181814193029
0.00042406005010,6.60425397976722
0.00481916469882,7.05611304598729
0.00215458904480,8.01996939065045
0.00432205972569,6.14419403384251
0.00363437266610,7.04356008516420
0.00261104136579,8.14790057292389
0.00261105369901,8.14790089095511
0.00432208621432,6.14419421884185
0.00215458801862,8.01996915076240
0.00363435788415,7.04355992670701
0.02893424412234,7.18062148976605
0.07875263120502,4.96984061634466
0.00496644774820,6.77597094911764
0.01816905568693,6.61169130987733
0.00770899911284,7.38955898478355
0.02848979426623,5.17176291430074
0.00384821781260,6.95938052597119
0.00028303543968,6.65528676667443
0.00042409308759,6.60425304795403
0.02846970086036,5.17181706202784
0.00481920203434,7.05611238564410
0.00735755763895,7.34362892903390
0.00496643681454,6.77597140949706
0.07875269183613,4.96984096113266
0.01816899088208,6.61169192157049
0.02893420421820,7.18062158189295
0.01816900312418,6.61169394683925
0.07875256144322,4.96984289883990
0.02893425791453,7.18062368694446
0.00496649605159,6.77597270733564
