Sij,Rij
0.01518364288939,5.24805768225811
0.01518362596257,5.24805785180103
0.01202844534372,5.00308962963616
0.01260077162157,4.21593462662405
0.00998372348687,3.85351033227940
0.00998389261885,3.85351030060171
0.00010293904611,3.74533541048547
0.24434832503784,2.85550113165395
0.01369478590098,4.86263591813862
0.01861978009158,5.01515383383390
0.02399328881095,4.92431235834109
0.01109389824361,4.01221693011239
0.01861975050358,5.01515435544222
0.01369469883186,4.86263731707999
0.02399338021541,4.92431365902148
0.01109436890605,4.01221809893078
