Sij,Rij
0.00000860034833,12.77262495741551
0.00002850416188,12.26597948217114
0.00012882034676,11.18333113724303
0.00000318986944,12.60715727541718
0.00000929480951,12.34495710414337
0.00001195749469,12.17549602427425
0.00001194208990,10.68170651601341
0.00003195221464,11.94134914119381
0.00002850538060,12.26597846190101
0.00000860203513,12.77262360483693
0.00012882239265,11.18333003716327
0.00000318527155,12.60715613249793
0.00001106916741,12.44893251473740
0.00000691017173,12.94837483512203
0.00011934324302,11.18326231967178
0.00005003760287,12.38981726604526
0.00000074624604,11.98891104338866
0.00000306560204,12.16097270821835
0.00000562839682,10.67907393641502
0.00000101170919,12.16015692742219
0.00000563346259,11.99710840046895
0.00000504735837,12.33859997325232
0.00000994325916,10.68119478863980
0.00001581894889,12.05206678511015
0.00000643862124,12.78771234289734
0.00000643473234,12.78771193917431
0.00011386869423,11.18118717747556
0.00007386520918,12.27761438512761
0.00002573926462,12.42973648892129
0.00002573683586,12.42973634918745
0.00013361984584,11.18188458461329
0.00002012707602,12.71294427642909
0.00000306560296,12.16100612072716
0.00000075890072,11.98894463218788
0.00000566237743,10.67910704952446
0.00000103933605,12.16018985088152
0.00000691505231,12.94836961263671
0.00001106909605,12.44892628743675
0.00011934951867,11.18325658381222
0.00005004253796,12.38981145366418
0.00017681920076,12.15318772513819
0.00036682261247,11.92344499629461
0.00099144925251,10.58238360576997
0.00056611777243,12.01653620332620
0.00000506116645,12.33856583209017
0.00000562469095,11.99707266975850
0.00000990893630,10.68115988293467
0.00001581570379,12.05203178328949
0.00001194615208,12.17558313283079
0.00000925582915,12.34504226254214
0.00001201906982,10.68179318384394
0.00003190535607,11.94143692895787
0.00032345524244,12.17405090004272
0.00030776485063,12.16749058640581
0.00086797785636,10.58856989976699
0.00061526837426,11.86968661641639
0.00036315046599,11.92377104463490
0.00019618786776,12.16007457214836
0.00098797566390,10.58247477077714
0.00053296906982,12.01235983329404
