Sij,Rij
0.00313657286514,8.46948082600760
0.01454958333993,6.28948935716368
0.01454947142200,6.28948893271070
0.01484587876748,6.94719667777201
0.00313657515742,8.46948140541775
0.00401227945338,7.27649708578174
0.01454958323839,6.28948935716368
0.07242577162967,4.30916068295534
0.07242567221682,4.30916104003231
0.03366907097070,5.13562682701287
0.01454952655893,6.28948955492097
0.06734710660247,4.65655465100863
0.01454947131781,6.28948893271070
0.07242567223642,4.30916104003231
0.07242569301605,4.30916092227905
0.06734715242155,4.65655416453041
0.01454938958918,6.28948925542867
0.03366922066014,5.13562784648302
0.01484587872849,6.94719667777201
0.03366907097584,5.13562682701287
0.06734715239782,4.65655416453041
0.00097552068249,5.68159047025442
0.00401225779899,7.27649648706761
0.00097545361624,5.68159126612133
0.00313657514155,8.46948140541775
0.01454952656053,6.28948955492097
0.01454938959307,6.28948925542867
0.00401225779604,7.27649648706761
0.00313658259705,8.46948204035890
0.01484585313620,6.94719760061639
0.00401227944726,7.27649708578174
0.06734710660562,4.65655465100863
0.03366922065604,5.13562784648302
0.00097545361709,5.68159126612133
0.01484585313749,6.94719760061639
0.00097551175357,5.68159204606407
