Sij,Rij
0.00228751782348,6.55934049894565
0.00109887544214,8.75569598909529
0.00109660904461,8.75616421742426
0.00008521014945,10.53100093368353
0.00228177991167,6.55960785321359
0.00133191860748,7.23502500652149
0.00008486509107,10.53079710340087
0.00011451630094,10.99941412251247
0.00133789032379,7.23417918058331
0.00019911030973,12.51355025764435
0.00881915730984,6.53554477156323
0.00011472661342,10.99884264122286
0.00447433596736,5.10891522386338
0.00099273316548,9.51145025932930
0.00099416064364,9.51143335574292
0.01015252300153,5.27896916414300
0.00813742546891,7.50379722238775
0.00814304956596,7.50454075354118
0.00118074360089,9.23635737558990
0.01016990477721,5.27941774497695
0.00131087131494,6.11478594735545
0.00118130267346,9.23604293671103
0.00346038220845,9.77205499856981
0.00132376137375,6.11342264851923
0.00018955132040,11.20865647388914
0.00755166583802,5.23843960743598
0.00345947589865,9.77117139653479
0.12774195222780,3.81777827111640
0.00065568648745,8.22974421049687
0.00065618156220,8.22991106653233
0.00561951739733,6.49491236337921
0.00213554989379,8.73245638576712
0.00099732944957,8.47559908223918
0.00024770810543,10.31037119147291
0.00104033800133,6.34917634358513
0.00244812005146,6.87261992544274
0.00033303463162,10.41967635014016
0.00022678016147,10.67912261686293
0.00607567677081,7.34342303992706
0.00020746261974,12.33929374670571
0.00500264385845,6.39637877403718
0.00001474052297,11.00057334613753
0.01353645493173,4.99076020317660
0.00124480734037,9.43588483185658
0.00026518771117,9.26767350706709
0.00104218061139,6.34861512809203
0.00100075521587,8.47459048522395
0.00213384249011,8.73331150116765
0.00033245942001,10.41998504685155
0.00561693794449,6.49541160660337
0.00606773357041,7.34503718143925
0.00024872336456,10.30987713963361
0.00001486871691,11.00161911995298
0.00245785361227,6.87085667681168
0.00020662740267,12.33918247073587
0.00498615252012,6.39633050124501
0.00022674489017,10.67787203010629
0.01354342098312,4.99078342299879
0.00026223159039,9.26731042737016
0.00124415230111,9.43610488925304
