Sij,Rij
0.00282674245516,6.94112135603516
0.00455589754036,8.70902044127210
0.00118795443876,7.66752887052963
0.00621764565052,6.93688572222372
0.00106193843868,7.64316643116684
0.01634693663573,6.65094389182187
0.01047136846383,6.14022988720510
0.00071886318675,8.39214403094758
0.00086535743759,9.13763236830752
0.00133342973637,8.30966421407902
0.00022602339750,7.62269492538074
0.00092457014339,7.26037276928784
0.00116837934021,7.29131829881403
0.00371722785256,7.05990595038246
0.00649567389766,5.28405274478304
0.00321060405341,6.96466629892046
0.01776188055121,5.90408454453792
0.00711469640027,5.12367624674195
0.00240050351602,5.87644605313344
0.02599895944511,5.01592704881919
0.09756262489209,4.37720428432538
0.00668621195013,6.96073310646497
0.00192433789684,7.96270963027459
0.00186743171460,7.39113266319164
0.00210728586617,6.44387569249620
0.00018558444497,6.55763056100995
0.00085889840299,5.85847338383479
0.00719066344039,5.92528033957333
0.00092957724056,7.74181711744875
0.01077466023627,7.64155681121075
0.00119258716592,7.78117565473236
0.00335903252548,6.64064398382392
0.02177192092463,5.84267679122588
0.02010754300353,5.68831108656408
0.00253547037089,6.54859836442253
0.00324506935528,9.22459090041639
0.00182811672120,9.60496176563205
0.00057478004339,9.49841020290984
0.00105382881640,8.43847683036109
0.00545889889625,7.98065544539072
0.00242195062207,7.48316208416420
0.00641149674800,8.11743006921056
0.00250976884700,6.33964388194312
0.00670159627507,7.55609593429290
0.00314844076996,7.15001048487028
0.00125003817940,6.08646940967344
0.00403379555926,6.58406897605760
0.03472676482491,5.37840060817498
0.00340450397095,5.61535276105116
