Sij,Rij
0.00107440047538,9.64147334138417
0.00155964135677,9.59942985515034
0.00342653584011,8.69035914100015
0.00422950380352,8.74076274821980
0.00429191386816,6.57501449270750
0.00679893537564,6.68576334408975
0.00090885832075,5.81076296346659
0.00159457711811,5.65082318138317
0.00011891935433,8.61763926934568
0.00065109563524,8.47269634830972
0.00413499023772,7.49580445742625
0.00046478398845,8.01403492249642
0.00037767997606,8.13833211294587
0.00095572238587,7.90762652506850
0.00138641789655,7.59123828151899
0.00309321423793,6.98425674934076
0.01628227114899,5.31933970018414
0.01569816689751,5.30986143883331
0.04713321497352,4.51613858165308
0.07030486700291,4.31033090010944
0.00085407219034,7.73362221016534
0.00079945710312,7.77237255793100
0.00167007116535,6.73066434131019
0.00002115151224,7.02323349373289
0.00058400094273,7.00720434309794
0.00052490593969,6.99545399862592
0.00990266766309,6.33155583908411
0.00587711851927,5.95699531958073
0.00099958283335,7.88525442145778
0.00040940350250,8.08295524886795
0.00165084331976,7.56586713579262
0.00322739408191,6.94294774128669
0.00049807106871,8.38811964499163
0.00000171070429,8.63464167787485
0.00397594609071,7.47300801520292
0.00047421729847,7.98022984117094
0.00015581605350,10.46433335295948
0.00011243436720,10.48878086274276
0.00099551912520,9.58700363443765
0.00328842730665,9.55676459890560
0.00437761431712,6.49927728780384
0.00527144783524,6.54499925395327
0.03329167430375,5.45760626931172
0.00319007598642,6.03803126493246
0.00002286473262,9.22956827709593
0.00013185066111,9.22927993765992
0.00702566592423,8.64171566612378
0.00402335451803,8.17992003538708
0.00149172065590,9.56426692924084
0.00103538918623,9.66368734962993
0.00335231635771,8.68807962731601
0.00367617984455,8.73345993480891
0.00035487333834,10.65892455830047
0.00036765687958,10.69081781511154
0.00298488619654,9.73149483665742
0.00758870619191,9.81427228164356
0.00179790826718,7.05558524183513
0.00239547757306,7.00731978341139
0.00542109605202,6.15966167322613
0.01229288767315,6.08624182062225
