Sij,Rij
0.00771914834998,5.05448276492157
0.00770678425369,5.05419090624107
0.09762072942416,3.99213598436161
0.01016915762361,4.70803701648102
0.00224333633766,7.30535984304591
0.00306731300950,7.54026343195848
0.00381845775248,6.42149641332344
0.00397685678432,6.68337785441395
0.00336391889062,6.41421283623447
0.00338399402197,6.41447398604084
0.01012626037171,5.34828124390085
0.00317012387983,5.93087642598545
0.00306094369572,7.53896802152037
0.00225601054890,7.30739126509808
0.00381693745000,6.42173316438112
0.00398843064549,6.68273137128005
0.00216163803406,8.71429373657361
0.00217454020327,8.71520955457779
0.00894807742719,7.66533935574206
0.00160232301393,8.10916901664919
0.00371821871153,6.13841398220578
0.00467895881444,6.26136855790208
0.01065668664341,5.16561818757452
0.00775156041124,5.90678296230567
0.00470706344100,6.26179623589305
0.00371461074629,6.13749675364897
0.01063100318277,5.16532389958781
0.00769222388309,5.90602517461276
