Sij,Rij
0.00233952641390,6.37971470411389
0.00500737969067,7.21576747526629
0.00510590996179,6.23847477770490
0.00358938301832,8.45971042805519
0.00399661854020,6.82074444137320
0.01062262890996,5.26206088588618
0.00345591243089,6.03048747089032
0.00691547330779,4.99458974505411
0.00690427904357,5.77658588704342
0.00059687235620,4.82672659758076
0.00215727708405,7.06361372439138
0.01127566076808,5.56941969930503
0.10478395231252,3.88947443384095
0.00040599427738,4.74075321760539
0.00531553099967,6.13280851100244
0.00408098187765,6.35143151479010
0.00326602001801,5.78006853645683
0.00490331398340,7.80985390865641
0.00901700631204,6.08745904713290
0.00900724209763,4.99543605685847
0.00416879286455,5.84239233914530
0.00373320612675,6.06519531929044
0.00077593207624,6.62461944466340
0.00398605000017,5.95754214498761
0.00246362603461,8.13296615581088
0.00870469178445,6.61655091014091
0.01142970022903,5.04254717281897
0.01046945264795,5.94238903155634
