Sij,Rij
0.05050269542371,4.94545831576409
0.00446543333140,6.69299505181989
0.00056604861478,10.13113222385707
0.00625697820213,6.20032824267048
0.01787025917277,6.09898817497153
0.00914476620151,8.43515720440731
0.01085248459772,6.16715161209875
0.00121389545602,6.07676378742439
0.00262489305125,10.58488078075103
0.00075438795239,10.25704051986300
0.00333805415597,6.77116963243144
0.00756217349799,7.20199165945846
0.00687795312833,6.22943652432705
0.00018335807319,8.80252710359202
0.00013430286156,11.66705211171494
0.00318922942652,7.68440467728324
0.00281916023868,8.33053957650116
0.00183971191349,10.12562525429433
0.00017872782789,7.27949944451869
0.00016717236526,7.27811812767078
0.00065104798677,12.37503143615292
0.00013466770483,11.67123667478460
0.00018440532294,8.80385647100509
0.00062671686298,9.42430815686943
0.02357009771613,5.28461198352249
0.00235765579937,5.55461027342551
0.00193900595024,9.75884420359728
0.00288533140593,6.07468045438024
0.05986552639913,4.60781767580364
0.01073961481746,7.79779546033131
0.00586278093876,6.42867090595167
0.00585405135774,6.42777757973296
0.00004604483783,9.68503705141833
0.00192227091979,9.75986189731776
0.00246495658871,5.55605360372121
0.01344329223673,5.65943364842239
0.05521440459830,5.89402445983893
0.00289988927036,7.44476093597828
0.00055239896571,11.09207098161348
0.00204965551572,7.11699961905099
0.02738818670149,6.71115714303232
0.00849282277673,9.29506381391639
0.00152059196478,7.08085147292133
0.00172807527173,7.07787652255922
0.00169641372272,11.40650231324723
0.00051788148040,11.09734066887688
0.00303472239952,7.44779511522397
0.00707527284252,7.81423654438971
0.04821148424909,4.96808710680036
0.00349028481281,6.78735807758179
0.00075740633212,10.27682042283356
0.00609144063614,6.22218976159345
0.01688324399344,6.11309759035894
0.00876094912212,8.45572988511680
0.00142131340752,6.09994161298019
0.01079863169985,6.18956776086567
0.00252825950094,10.60497277780844
0.00060445969392,10.15406921871763
0.00444795755957,6.71041455507814
0.00724585063312,7.21629789580547
