Sij,Rij
0.00506744079674,6.41874407001937
0.00006815216634,8.74289778128574
0.00584122841808,6.40305956256917
0.00243810831712,6.48476867679500
0.00055069021382,7.29821784085620
0.00052767897788,7.31542027085106
0.00433667929287,5.21714432941676
0.00151167678481,5.05050205934274
0.01087091272194,7.69473179329560
0.00306731715068,5.02191828585811
0.01388722515252,5.31098369087323
0.00090140221778,6.47603113996023
0.00078327680166,6.50369271357121
0.13496192881924,3.90261053379884
0.00366864659514,6.07464391418194
0.00313891780887,8.89471006669435
0.00813423359011,6.18624867202606
0.00524608246741,6.50601371330086
0.00314271661496,7.71178232283256
0.00167094943411,7.60113725193375
0.01084993407200,5.06967848788560
0.00868084801263,6.22444594495250
0.00277290511358,8.86720373244489
0.00376696921618,6.03664434772402
0.00452919275442,6.48892900291343
0.00143111947383,7.52836297086081
0.00271136425837,7.71584244851952
0.01045285179574,5.06564545142520
