Sij,Rij
0.00839113231585,7.38884620122492
0.00005278019114,7.82991802799435
0.04795410929226,5.27303892873487
0.00404581767966,6.40887963056664
0.00761844387240,7.19971997116908
0.00026886127658,8.57263680502993
0.00523505288639,9.33576389661865
0.00060009836432,11.82023449123833
0.00038334392608,11.64629097575502
0.00670914834390,9.77162097250644
0.00103543369036,10.43503982422757
0.00040190260426,11.46278130792126
0.00013080678620,12.83317121567988
0.00045871562790,13.39214584315967
0.00421876364799,8.00028619459329
0.00117452867331,8.45730180791088
0.00791518683083,6.16838903157305
0.01146819320014,6.50582111951736
0.00505073364830,7.86359004326418
0.00107860264030,9.60489943108760
0.00167106467656,9.85300993002766
0.00497440947353,8.32553449769330
0.00437629482907,7.60779990635387
0.00781665139230,6.19945480935770
0.00360502483328,6.84384520171224
0.00025108493323,7.58987675187790
0.00048834697851,8.89956661618728
0.00044822231803,9.41213730176107
0.00318369456260,9.58031196169770
0.00196960440632,9.65852778166219
0.01655291759237,7.50269295310335
0.00744830241919,8.34457823179567
0.00178830098873,9.29169516032549
0.00027674313513,10.67148556252465
0.00073763410786,11.31563984705107
0.00054681331907,11.27752149208367
0.00096150572347,11.86804241033329
0.00057193276146,9.29802469367634
0.00065197151550,10.26517832031276
0.00032618297973,11.29563700801903
0.00004954205427,12.67510018990574
0.00009651182817,13.42625010285108
0.00032805225455,11.38649140901217
0.00002413422379,11.11871258185901
0.00081357711335,9.19871523081778
0.00195834153696,10.33014397399808
0.00035731612870,10.96277359299029
0.00018385727616,12.01765093407322
0.00015071117236,12.94778795167987
