Sij,Rij
0.01919532867894,6.02742804520858
0.00302277452063,7.95576662605390
0.00610032687673,8.06703994605432
0.00348187676124,6.40256300902052
0.00024244001182,6.74343815290042
0.01318003291769,6.01745893854888
0.00162860293262,7.93629658404467
0.00294488043187,10.16172738170676
0.00031497901523,11.06537472122313
0.00057432617991,11.83275594112207
0.00027473848793,9.73232134788241
0.00049920429402,10.46659478283402
0.00178862408109,9.49185558914189
0.00003498137820,11.72489506070720
0.00130205185605,6.73469847290295
0.00248054382562,7.21946826255337
0.00072286462526,8.38595001478583
0.00293390530320,6.52050555942741
0.00043120320113,6.67646133804993
0.03905609441480,5.44946359048051
0.00781562554976,7.68102794287613
0.01014194896127,6.15052985344507
0.00008110437999,7.63267936221379
0.01012369174995,7.77701137885863
0.02930277481516,5.69693568772293
0.00108704294360,6.62765632493231
0.00590639186583,6.18576729483981
0.00090875619909,8.23691548112913
0.00923735797318,8.00771257929634
0.00030715967196,9.33267427200655
0.00363854752941,9.83918085437783
0.01069182943890,7.88428249169089
0.00212717408272,8.47284146934813
0.01614180342958,7.57926447605809
0.00195613141342,9.71965651825738
0.00009962473634,9.70861378516545
0.00023446528052,11.56350474397472
0.00007544737188,11.62287302481222
0.00048004788419,9.67959791588523
0.00042504146662,10.51183765768628
0.00547774760173,9.81633167885930
0.00067008289405,11.87786434722790
0.00171367338945,10.03754324809145
0.00016435702096,11.19435903078691
0.00100576386710,11.96689062140460
0.00451853080470,10.10394568078028
0.00044944786210,10.46414049243566
0.00046366373487,9.28779537369324
0.00003461248911,11.42521366711117
