Sij,Rij
0.00080592209037,11.31773438621400
0.00109888637922,11.12328765608354
0.01280815458127,7.51725340630849
0.00012546425914,10.95406744683451
0.00033721990445,10.25363428259529
0.00153728382425,9.67640114268721
0.00437297397353,8.09672056360624
0.00121120337248,9.59604698754233
0.00148806746366,9.21675688529443
0.00000905643557,10.77708283674515
0.00114991016898,10.67548520737447
0.00070317346766,10.10203150355033
0.01113035617767,6.50972817821857
0.00023671067915,9.69658924722598
0.00034971881944,9.73393557409985
0.00122309391709,8.90973067424812
0.00274368734857,8.19810417369166
0.00112977749149,8.35028749567012
0.00079953148967,8.18134336943537
0.00030938899334,8.86412287931651
0.00164686502905,9.35587196112241
0.00362603619276,9.76623894587674
0.02401047146657,5.69224083401748
0.00003968308529,8.86972888993177
0.00057874251767,8.16026589939268
0.00252654639878,7.73700549390889
0.00619776188810,6.52577025378509
0.00132105198512,8.49203232550247
0.00723753746054,7.66219958119726
0.00042227851431,9.28428588175495
0.00254146252828,9.59631487936961
0.00085815217395,8.91445096591058
0.02415217102850,5.61387030119904
0.00099077823175,9.27944879602851
0.00088246258504,8.75914568641432
0.00552159279755,7.89488862041584
0.01250983545230,6.18975823969456
0.00567313687887,7.31568859133630
0.00413780730763,7.09376514381656
0.00004941753085,8.59493718529589
0.00032672456908,10.69980484283098
0.00055424240154,10.34110651538386
0.00140152162516,6.58672849262584
0.00033566993523,10.02606628650440
0.00035787722938,9.66249941786948
0.00013458886422,8.95348296858945
0.00523819316971,7.76194256181246
0.00068042501078,8.67219771384655
0.00025690902556,8.36287873507809
0.00063932393914,9.56412451583984
0.00002387688236,12.20737471811138
0.00003230548138,12.08992664764915
0.00081463467884,8.17971874909146
0.00005557989019,11.27137515761366
0.00004781950562,11.04967753672643
0.00011343394068,10.48511578970311
0.00200344001133,9.68871619017023
0.00018928150464,10.41162635243611
0.00023892451504,10.06274913826786
0.00024881052954,10.99119933065939
0.00006437318734,12.38379514237482
0.00012676700277,11.41881312892693
0.00101180272826,8.12086679279199
0.00000022701580,11.60164508669838
0.00030820012520,11.48513832602245
0.00036963964748,10.59482857638744
0.00108797596851,9.43805792219154
0.00006393956470,9.48869353879813
0.00028911969692,9.63872794446417
0.00009766857306,10.44337017327076
