Sij,Rij
0.01301122246132,6.02198886856873
0.00252879531295,10.56609314629995
0.00443233861095,6.96005494169816
0.00056795151933,10.10769783645775
0.00234231005453,8.28548806984038
0.00088306244687,9.88947203009712
0.00753983043138,6.85842340826730
0.00094234096154,9.04907189203332
0.00026046755361,12.70147994783595
0.00048902205075,9.15170760614494
0.00016232250081,12.97873157421473
0.00028108931472,10.80525710722494
0.00011080384456,12.62583580188621
0.00097635416271,8.74968951360271
0.03527922637710,5.22681077181151
0.00401975912887,9.31042723134979
0.00558232188669,5.93250622014539
0.00492888191846,9.33745531097536
0.02004015223604,7.21315671007421
0.00027215565595,8.86286015397143
0.03623658131135,5.33719920109453
0.01715638285354,5.66887798276879
0.00272888406956,9.76840520080656
0.02279429771082,5.81232451277838
0.00072307119302,9.51721121401493
0.01373994188320,7.62710748232514
0.00289575046525,9.59369000323938
0.00434359392955,6.09944115393784
0.01878538409307,7.31583247815073
0.00166444158368,11.44075708830349
0.00791147340951,7.75916011870108
0.00059213351747,11.38001005228005
0.00629910707551,9.33260189475007
0.00034249650120,11.10354690091062
0.00842212411961,7.50864504202550
0.00498429452087,9.55556883974290
0.00042930513040,13.66788427321496
0.00079323220726,9.83818292740500
0.00050603849272,13.55528699657480
0.00160380749259,11.56836078638790
0.00011197357708,13.40826191972030
0.00484472329735,9.78121557138462
0.00222300080624,9.20378029332984
0.00029089910878,13.28423814520449
0.00350351418633,9.84480394676193
0.00011575787317,13.33952585929049
0.00105536850017,11.22363177295546
0.00037033682529,12.81032997012183
0.00027174182684,9.27160318353474
