Sij,Rij
0.00080966972586,9.80296975924665
0.00004377184661,7.70359310824876
0.00101910346500,9.64824072397418
0.00028338589013,9.16554872039923
0.00002053598109,12.94339315100739
0.00300671119777,11.24137170822186
0.00009248905207,12.38204467850634
0.00016048313807,13.41591242207387
0.00017790972994,8.84612389413360
0.00200312324952,7.32099876319211
0.00082569187746,8.40504981367225
0.00221941626085,9.54039818671061
0.00580104530181,6.89061924281636
0.07201242450021,4.92347943083988
0.00364746014158,6.77450249581037
0.00794106485835,6.98520047809071
0.00094506680881,9.53971150459176
0.00105763435298,7.65089972563984
0.00062941037025,8.69315987048579
0.00073082025048,9.70670002752296
0.00038462715278,8.72250513548775
0.00822533586089,6.86156691580072
0.00030229759847,8.41275911720147
0.00061385581095,9.01711056439317
0.00041857381922,10.29951029758182
0.00083788011436,8.06953310840067
0.00014715714232,9.68083252622541
0.00025492396641,9.66036422020236
0.00009869640753,12.80767290706781
0.00153538785528,10.95639168434710
0.00022391532935,12.42870184866309
0.00034465650460,13.08623543907357
0.00046786980958,11.31622712632025
0.00648842094761,9.22559832565693
0.00047704525698,11.09194361535702
0.00069295633140,10.95179464688762
0.00015699720643,12.37917136333453
0.00015845757604,10.81750767843759
0.00011153041477,12.22280117295009
0.00022669567603,13.05278386290754
0.00062899970926,8.47184896618735
0.00329950761781,6.79196541379384
0.00204671052378,8.74966626631604
0.00115687702573,8.86396453882534
0.00098142796421,9.09901219376002
0.00945734259971,7.03913130060349
0.00045525176343,8.89170381533193
0.00086814498021,8.92017029965041
0.00024934654348,10.78661810506641
0.00546222008099,9.03923451735509
0.00092512700927,10.34987552609396
0.00103658450654,11.22522767756606
